row_id,date,post_type,keyword_category,language,like_count,retweet_count,reply_count,quote_count,text,hashtags,tweet_id,retweeted_tweet,quoted_tweet,url,user,raw_content,in_reply_to_screen_name,dataset_split,sampling_strategy,sampled_at
277,2024-08-18,reply,democrat,en,3,0,1,0,"@ThePatriot420 @MarindaVannoy1 @POTUS When drug costs drop precipitously, it doesn't cost people/insurers more. It costs them LESS. Biden intends to continue to work to see those costs plummet and so does Harris. And if you ever end up with cancer and have huge bills, you will understand the need for this.",[],1825318675513286912,False,False,https://twitter.com/canyonslm/status/1825318675513286827,"""{'id': 3278978311, 'id_str': '3278978311', 'url': 'https://twitter.com/Honkers', 'username': 'Honkers', 'rawDescription': '#NeverAgain. Keep Wildlands Wild. No lists. \ud83c\udf0d\ud83c\udf0a Animal lover, birder. If you are anti-vax, get the hell off my feed. Harris/Walz 2024 #rightmatters \u2764\ufe0fUkraine', 'created': datetime.datetime(2015, 7, 13, 22, 29, 2, tzinfo=datetime.timezone.utc), 'followersCount': 5040, 'friendsCount': 5037, 'statusesCount': 35124, 'favouritesCount': 98278, 'listedCount': 7, 'mediaCount': 808, 'location': 'Reality', 'profileImageUrl': 'https://pbs.twimg.com/profile_images/972196404008337408/i7cJc8eL_normal.jpg', 'profileBannerUrl': 'PW', 'protected': 'PW', 'verified': False, 'blue': False, 'blueType': None, 'descriptionLinks': ['PW'], '_type': 'PW'}""","@ThePatriot420 @MarindaVannoy1 @POTUS When drug costs drop precipitously, it doesn't cost people/insurers more. It costs them LESS. Biden intends to continue to work to see those costs plummet and so does Harris. And if you ever end up with cancer and have huge bills, you will understand the need for this.",ThePatriot420,,topic_diversified,2026-02-17 12:12:19.135327
489,2024-08-13,tweet,neutral,en,32410,5300,3537,257,"trump just said the real threat is ""nuclear warming,"" right before accusing President Biden of saying stupid things. 🙄

WTF is nuclear warming?",[],1823169956491472896,False,False,https://twitter.com/mmpadellan/status/1823169956491472985,"""{'id': 1640929196, 'id_str': '1640929196', 'url': 'https://twitter.com/BrooklynDad_Defiant!\u262e\ufe0f', 'username': 'BrooklynDad_Defiant!\u262e\ufe0f', 'rawDescription': 'Proud papa. Perpetually pissed.\\n#BlueWave2024, #Feminist.\\n\\nAuthor of The Bigliest Loser\\nON SALE NOW: https://t.co/dWPF5Dafsl\\n\\n\ud83d\udc49Sr. Advisor, @ReallyAmerican1\ud83d\udc48', 'created': datetime.datetime(2013, 8, 2, 17, 20, 38, tzinfo=datetime.timezone.utc), 'followersCount': 1382910, 'friendsCount': 41547, 'statusesCount': 152723, 'favouritesCount': 410169, 'listedCount': 6538, 'mediaCount': 20568, 'location': 'Brooklyn, NY', 'profileImageUrl': 'https://pbs.twimg.com/profile_images/1286711762725871617/gA2IaqbR_normal.jpg', 'profileBannerUrl': 'PW', 'protected': 'PW', 'verified': False, 'blue': True, 'blueType': None, 'descriptionLinks': ['PW'], '_type': 'PW'}""","trump just said the real threat is ""nuclear warming,"" right before accusing President Biden of saying stupid things. 🙄

WTF is nuclear warming?",,,topic_diversified,2026-02-17 12:12:19.135327
428,2024-08-04,reply,neutral,en,1,1,0,0,"@atensnut Trump could NEVA! 🤣🤣🤣 Biden is a lawyer, Trump is a dumb entertainer being used by white Christian Nationalist. He's a thin skin old man who can't even handle women reporters without attacking them. 🤣🤣🤣 #HannibalLector #Project2025 
#VoteBlueAsifYourLivesDependonit","""[{'indices': [213, 228], 'text': 'HannibalLector'}, {'indices': [229, 241], 'text': 'Project2025'}, {'indices': [243, 275], 'text': 'VoteBlueAsifYourLivesDependonit'}]""",1820218058515833088,False,False,https://twitter.com/sharon_mytweets/status/1820218058515833283,"""{'id': 606875235, 'id_str': '606875235', 'url': 'https://twitter.com/SharonA.M', 'username': 'SharonA.M', 'rawDescription': \""Mom, HOT Granny, Love all people\u2764\ud83c\udf0a NO DM'S\ud83d\udeab\"", 'created': datetime.datetime(2012, 6, 13, 1, 32, 54, tzinfo=datetime.timezone.utc), 'followersCount': 1896, 'friendsCount': 5007, 'statusesCount': 33161, 'favouritesCount': 109388, 'listedCount': 4, 'mediaCount': 3002, 'location': 'south', 'profileImageUrl': 'https://pbs.twimg.com/profile_images/3739563504/8b23a5422e05be171b8b5eb9429d62af_normal.jpeg', 'profileBannerUrl': 'PW', 'protected': 'PW', 'verified': False, 'blue': False, 'blueType': None, 'descriptionLinks': ['PW'], '_type': 'PW'}""","@atensnut Trump could NEVA! 🤣🤣🤣 Biden is a lawyer, Trump is a dumb entertainer being used by white Christian Nationalist. He's a thin skin old man who can't even handle women reporters without attacking them. 🤣🤣🤣 #HannibalLector #Project2025 
#VoteBlueAsifYourLivesDependonit",atensnut,,topic_diversified,2026-02-17 12:12:19.135327
298,2024-08-15,reply,democrat,en,0,0,0,0,@guypbenson Kamala Harris will be Biden 2.0 and Obama 3.0,[],1824063039425167872,False,False,https://twitter.com/LuganJames19/status/1824063039425167716,"""{'id': 1639051822940946434, 'id_str': '1639051822940946434', 'url': 'https://twitter.com/luganville james', 'username': 'luganville james', 'rawDescription': '\u2018What can be unburdened by what has been\u2019 Black MAGA Trump 2024/ Keep men out of women\u2019s sport X', 'created': datetime.datetime(2023, 3, 23, 23, 50, 9, tzinfo=datetime.timezone.utc), 'followersCount': 119, 'friendsCount': 596, 'statusesCount': 2030, 'favouritesCount': 5223, 'listedCount': 4, 'mediaCount': 61, 'location': '', 'profileImageUrl': 'https://pbs.twimg.com/profile_images/1639052095059034113/JaCkjWva_normal.jpg', 'profileBannerUrl': 'PW', 'protected': 'PW', 'verified': False, 'blue': False, 'blueType': None, 'descriptionLinks': ['PW'], '_type': 'PW'}""",@guypbenson Kamala Harris will be Biden 2.0 and Obama 3.0,guypbenson,,topic_diversified,2026-02-17 12:12:19.135327
61,2024-08-10,reply,republican,en,0,0,0,0,@akafacehots Yeah Yeah yeah and Hillary’s emails…  MAGA  ploys  are  so predictable and  stale.,[],1822315371027702272,False,False,https://twitter.com/JerryT78531127/status/1822315371027702146,"""{'id': 914855244, 'id_str': '914855244', 'url': 'https://twitter.com/Jerry T', 'username': 'Jerry T', 'rawDescription': '', 'created': datetime.datetime(2012, 10, 30, 15, 21, 2, tzinfo=datetime.timezone.utc), 'followersCount': 116, 'friendsCount': 48, 'statusesCount': 556, 'favouritesCount': 1541, 'listedCount': 0, 'mediaCount': 25, 'location': '', 'profileImageUrl': 'https://abs.twimg.com/sticky/default_profile_images/default_profile_normal.png', 'profileBannerUrl': 'PW', 'protected': 'PW', 'verified': False, 'blue': False, 'blueType': None, 'descriptionLinks': ['PW'], '_type': 'PW'}""",@akafacehots Yeah Yeah yeah and Hillary’s emails…  MAGA  ploys  are  so predictable and  stale.,akafacehots,,topic_diversified,2026-02-17 12:12:19.135327
10,2024-08-13,tweet,republican,en,3,0,0,0,"lol gop “They brought Mitch McConnell into the greenhouse, and they sent every single Hispanic worker home before he got there,” Hester said. “He then proceeded to have a speech about how we were taking the jobs from the Mexicans.”",[],1823362551603679488,False,False,https://twitter.com/joey_blau/status/1823362551603679612,"""{'id': 1029594979, 'id_str': '1029594979', 'url': \""https://twitter.com/What Time is it: It's a bright dawn of a new era!\"", 'username': \""What Time is it: It's a bright dawn of a new era!\"", 'rawDescription': 'living the best life. Retd on a lake for years: sailing, bass fishing and ribs! studying gauge theories of the Standard Model and fractal gravity vs dark matter', 'created': datetime.datetime(2012, 12, 23, 1, 8, tzinfo=datetime.timezone.utc), 'followersCount': 571, 'friendsCount': 1189, 'statusesCount': 56373, 'favouritesCount': 36403, 'listedCount': 14, 'mediaCount': 1708, 'location': 'NE PA! best place on Earth! ', 'profileImageUrl': 'https://pbs.twimg.com/profile_images/1811409502454861824/6E_zOFzB_normal.jpg', 'profileBannerUrl': 'PW', 'protected': 'PW', 'verified': False, 'blue': False, 'blueType': None, 'descriptionLinks': ['PW'], '_type': 'PW'}""","lol gop “They brought Mitch McConnell into the greenhouse, and they sent every single Hispanic worker home before he got there,” Hester said. “He then proceeded to have a speech about how we were taking the jobs from the Mexicans.”",,,topic_diversified,2026-02-17 12:12:19.135327
218,2024-08-11,reply,democrat,en,0,0,0,0,@NHAunleashed Not this time… we are barely making it through Biden,[],1822529339218419968,False,False,https://twitter.com/staytappedin/status/1822529339218419718,"""{'id': 111797092, 'id_str': '111797092', 'url': 'https://twitter.com/J. Morris', 'username': 'J. Morris', 'rawDescription': '- Husband - Father - CEO - \ud83d\ude4f\ud83c\udffb', 'created': datetime.datetime(2010, 2, 6, 4, 52, 7, tzinfo=datetime.timezone.utc), 'followersCount': 2630, 'friendsCount': 2474, 'statusesCount': 688, 'favouritesCount': 11512, 'listedCount': 28, 'mediaCount': 22, 'location': 'Everywhere ', 'profileImageUrl': 'https://pbs.twimg.com/profile_images/1804660635726491648/2tWCFaM2_normal.jpg', 'profileBannerUrl': 'PW', 'protected': 'PW', 'verified': False, 'blue': True, 'blueType': None, 'descriptionLinks': ['PW'], '_type': 'PW'}""",@NHAunleashed Not this time… we are barely making it through Biden,NHAunleashed,,topic_diversified,2026-02-17 12:12:19.135327
254,2024-08-09,reply,democrat,en,0,0,0,0,"@TheLeoTerrell Who is the REAL president now? It ain't Creepy Joe Biden, that's for sure.",[],1821926641733402368,False,False,https://twitter.com/JakeLau10/status/1821926641733402638,"""{'id': 1134815279316385792, 'id_str': '1134815279316385792', 'url': 'https://twitter.com/JakeLau', 'username': 'JakeLau', 'rawDescription': 'Active military, USAF Flight Crewman. President Trump = best president since George Washington. I am a MAGA Patriot.', 'created': datetime.datetime(2019, 6, 1, 13, 33, 41, tzinfo=datetime.timezone.utc), 'followersCount': 733, 'friendsCount': 1442, 'statusesCount': 3439, 'favouritesCount': 4222, 'listedCount': 0, 'mediaCount': 10, 'location': 'USA', 'profileImageUrl': 'https://pbs.twimg.com/profile_images/1661348333862920192/udKSf8Yg_normal.jpg', 'profileBannerUrl': 'PW', 'protected': 'PW', 'verified': False, 'blue': False, 'blueType': None, 'descriptionLinks': ['PW'], '_type': 'PW'}""","@TheLeoTerrell Who is the REAL president now? It ain't Creepy Joe Biden, that's for sure.",TheLeoTerrell,,topic_diversified,2026-02-17 12:12:19.135327
264,2024-08-20,tweet,democrat,en,0,0,0,0,Biden lied !,[],1825842133175050496,False,False,https://twitter.com/georgeferragut/status/1825842133175050603,"""{'id': 22557780, 'id_str': '22557780', 'url': 'https://twitter.com/GeorgeFerragut', 'username': 'GeorgeFerragut', 'rawDescription': '\u26f3\ufe0f', 'created': datetime.datetime(2009, 3, 3, 0, 17, 31, tzinfo=datetime.timezone.utc), 'followersCount': 1733, 'friendsCount': 5740, 'statusesCount': 41343, 'favouritesCount': 141340, 'listedCount': 1, 'mediaCount': 2778, 'location': 'FJB ', 'profileImageUrl': 'https://pbs.twimg.com/profile_images/1805712256136519680/7ku1z8-g_normal.jpg', 'profileBannerUrl': 'PW', 'protected': 'PW', 'verified': False, 'blue': False, 'blueType': None, 'descriptionLinks': ['PW'], '_type': 'PW'}""",Biden lied !,,,topic_diversified,2026-02-17 12:12:19.135327
34,2024-08-12,reply,republican,en,0,0,0,0,@marla_vous That is the MAGA nominee. A populist authoritarian organization. The GOP died in 2020. 1 down 1 to go.,[],1822792848032316928,False,False,https://twitter.com/WalterN94028476/status/1822792848032317446,"""{'id': 1258618454866661377, 'id_str': '1258618454866661377', 'url': 'https://twitter.com/Walter Newman', 'username': 'Walter Newman', 'rawDescription': \""#Resist, Native Texan, B of L E & T / I B T retired, Union Strong, Pilot, Lifetime Yella Dog Democrat, TX-04, No DM's unless following.\"", 'created': datetime.datetime(2020, 5, 8, 4, 43, 40, tzinfo=datetime.timezone.utc), 'followersCount': 3489, 'friendsCount': 5255, 'statusesCount': 42364, 'favouritesCount': 12928, 'listedCount': 11, 'mediaCount': 8506, 'location': 'Lake Texoma AKA Texomaland', 'profileImageUrl': 'https://pbs.twimg.com/profile_images/1848858268258779136/-rfMLJar_normal.jpg', 'profileBannerUrl': 'PW', 'protected': 'PW', 'verified': False, 'blue': False, 'blueType': None, 'descriptionLinks': ['PW'], '_type': 'PW'}""",@marla_vous That is the MAGA nominee. A populist authoritarian organization. The GOP died in 2020. 1 down 1 to go.,marla_vous,,topic_diversified,2026-02-17 12:12:19.135327
6,2024-08-14,quote,republican,en,0,0,0,0,"Reason not to vote for her.
She’s a threat to our Republic!
#Trump2024","""[{'indices': [60, 70], 'text': 'Trump2024'}]""",1823800536627585280,False,True,https://twitter.com/ProudAm73964002/status/1823800536627585264,"""{'id': 1083502194538803201, 'id_str': '1083502194538803201', 'url': 'https://twitter.com/ProudAmerican', 'username': 'ProudAmerican', 'rawDescription': '', 'created': datetime.datetime(2019, 1, 10, 23, 13, 48, tzinfo=datetime.timezone.utc), 'followersCount': 192, 'friendsCount': 307, 'statusesCount': 11855, 'favouritesCount': 15933, 'listedCount': 0, 'mediaCount': 333, 'location': '', 'profileImageUrl': 'https://abs.twimg.com/sticky/default_profile_images/default_profile_normal.png', 'profileBannerUrl': 'PW', 'protected': 'PW', 'verified': False, 'blue': False, 'blueType': None, 'descriptionLinks': ['PW'], '_type': 'PW'}""","Reason not to vote for her.
She’s a threat to our Republic!
#Trump2024",,,topic_diversified,2026-02-17 12:12:19.135327
216,2024-08-21,reply,democrat,en,0,0,0,0,"@farzyness I haven’t seen this in any of their documentation. I recall Biden floating the idea awhile back, but I am not seeing it now. It’s a terrible idea, probably unconstitutional, and likely won’t come back to life.",[],1826187925731622912,False,False,https://twitter.com/Olepa_66/status/1826187925731622968,"""{'id': 1376829667, 'id_str': '1376829667', 'url': 'https://twitter.com/O66', 'username': 'O66', 'rawDescription': 'Amateur de vin \ud83c\udf77. Le nectar des dieux. Le vin est ma passion, o\u00f9 chaque d\u00e9gustation est une exploration des saveurs divines.', 'created': datetime.datetime(2013, 4, 24, 11, 29, 15, tzinfo=datetime.timezone.utc), 'followersCount': 47, 'friendsCount': 56, 'statusesCount': 163, 'favouritesCount': 178, 'listedCount': 0, 'mediaCount': 0, 'location': 'Valence', 'profileImageUrl': 'https://pbs.twimg.com/profile_images/1828067204094390272/r5Ja7DXz_normal.jpg', 'profileBannerUrl': 'PW', 'protected': 'PW', 'verified': False, 'blue': False, 'blueType': None, 'descriptionLinks': ['PW'], '_type': 'PW'}""","@farzyness I haven’t seen this in any of their documentation. I recall Biden floating the idea awhile back, but I am not seeing it now. It’s a terrible idea, probably unconstitutional, and likely won’t come back to life.",farzyness,,topic_diversified,2026-02-17 12:12:19.135327
46,2024-08-15,reply,republican,en,0,0,0,0,"@MTGrepp NIKKI  SAYS';  TRUMP DOESN'T QUALIFY FOR PRESIDENT,' BUT SHE DOESN'T  CARE ABOUT AMERICA PEOPLE  SHE CARE ABOUT HER JOB.SAME ALL GOP TRUMP'S  SLAVES. SO SHE IS VOTING FOR SOMEONE  DOESN'T  QUALIFY. THIS IS GREAT . https://t.co/FJ3JrirnB5",[],1824018412773028096,False,False,https://twitter.com/SicklahWhite/status/1824018412773027978,"""{'id': 924181294774231040, 'id_str': '924181294774231040', 'url': 'https://twitter.com/ROSALBA WHITE', 'username': 'ROSALBA WHITE', 'rawDescription': '', 'created': datetime.datetime(2017, 10, 28, 7, 49, 25, tzinfo=datetime.timezone.utc), 'followersCount': 40, 'friendsCount': 71, 'statusesCount': 9736, 'favouritesCount': 1066, 'listedCount': 0, 'mediaCount': 6039, 'location': '7838 DAY Creek Blvd ', 'profileImageUrl': 'https://pbs.twimg.com/profile_images/1474117038457057286/aFHyblA8_normal.jpg', 'profileBannerUrl': 'PW', 'protected': 'PW', 'verified': False, 'blue': False, 'blueType': None, 'descriptionLinks': ['PW'], '_type': 'PW'}""","@MTGrepp NIKKI  SAYS';  TRUMP DOESN'T QUALIFY FOR PRESIDENT,' BUT SHE DOESN'T  CARE ABOUT AMERICA PEOPLE  SHE CARE ABOUT HER JOB.SAME ALL GOP TRUMP'S  SLAVES. SO SHE IS VOTING FOR SOMEONE  DOESN'T  QUALIFY. THIS IS GREAT . https://t.co/FJ3JrirnB5",SicklahWhite,,topic_diversified,2026-02-17 12:12:19.135327
273,2024-08-20,quote,democrat,en,0,0,0,0,"Wait...you mean biden the child toucher?
They both pedos, folks",[],1825876825001612032,False,True,https://twitter.com/minutebol/status/1825876825001611709,"""{'id': 175888182, 'id_str': '175888182', 'url': 'https://twitter.com/po jahlovw', 'username': 'po jahlovw', 'rawDescription': 'architect/ builder/ master-ing urban planning\\norganic farmer/ nutrition-healing\\n\\nKHALIFA/INTIFADIST\\n\""From the River to the Sea, Palestine will be free.\""', 'created': datetime.datetime(2010, 8, 7, 22, 53, 41, tzinfo=datetime.timezone.utc), 'followersCount': 3750, 'friendsCount': 4063, 'statusesCount': 139466, 'favouritesCount': 137357, 'listedCount': 38, 'mediaCount': 1312, 'location': 'in between here and there', 'profileImageUrl': 'https://pbs.twimg.com/profile_images/1638062184227049473/5dty-7Ke_normal.jpg', 'profileBannerUrl': 'PW', 'protected': 'PW', 'verified': False, 'blue': False, 'blueType': None, 'descriptionLinks': ['PW'], '_type': 'PW'}""","Wait...you mean biden the child toucher?
They both pedos, folks",,,topic_diversified,2026-02-17 12:12:19.135327
430,2024-08-12,reply,neutral,en,0,0,0,0,@11202011t Lost on the White House grounds again.,[],1823099222847377664,False,False,https://twitter.com/vegotsecrets/status/1823099222847377597,"""{'id': 1300875671128944640, 'id_str': '1300875671128944640', 'url': \""https://twitter.com/I'vegotsecrets/ BRIAN THE PI$$ED OFF CONSERVATIVE!\"", 'username': \""I'vegotsecrets/ BRIAN THE PI$$ED OFF CONSERVATIVE!\"", 'rawDescription': 'Conservative/Ron Paul Libertarian  You can follow me: @Bbqace64 on TS & bbqace1964 on Rumble\ud83e\udd85', 'created': datetime.datetime(2020, 9, 1, 19, 18, 42, tzinfo=datetime.timezone.utc), 'followersCount': 7767, 'friendsCount': 8152, 'statusesCount': 69783, 'favouritesCount': 125985, 'listedCount': 0, 'mediaCount': 2463, 'location': 'Mid-something U.S.\ud83c\uddfa\ud83c\uddf8\ud83c\uddfa\ud83c\uddf8\ud83c\uddfa\ud83c\uddf8', 'profileImageUrl': 'https://pbs.twimg.com/profile_images/1830738087225237504/C6R7jks6_normal.jpg', 'profileBannerUrl': 'PW', 'protected': 'PW', 'verified': False, 'blue': True, 'blueType': None, 'descriptionLinks': ['PW'], '_type': 'PW'}""",@11202011t Lost on the White House grounds again.,11202011t,,topic_diversified,2026-02-17 12:12:19.135327
47,2024-08-18,reply,republican,en,0,0,0,0,@Concern70732755 You are just making things up to suit your incredible conservative bias.,[],1825148379887748096,False,False,https://twitter.com/AlSmith96467308/status/1825148379887747250,"""{'id': 738630157, 'id_str': '738630157', 'url': 'https://twitter.com/Al Smith', 'username': 'Al Smith', 'rawDescription': 'Retired educator..Runner.. Proud Liberal..Traveller... Grandfather..Internet D.J. on https://t.co/UISKbYSPj9 Prolific collector of Vintage Vinyl.', 'created': datetime.datetime(2012, 8, 5, 14, 0, 54, tzinfo=datetime.timezone.utc), 'followersCount': 359, 'friendsCount': 857, 'statusesCount': 13688, 'favouritesCount': 623, 'listedCount': 24, 'mediaCount': 4, 'location': 'Brampton Ontario', 'profileImageUrl': 'https://pbs.twimg.com/profile_images/423932615419105280/iTgDUMER_normal.jpeg', 'profileBannerUrl': 'PW', 'protected': 'PW', 'verified': False, 'blue': False, 'blueType': None, 'descriptionLinks': ['PW'], '_type': 'PW'}""",@Concern70732755 You are just making things up to suit your incredible conservative bias.,Concern70732755,,topic_diversified,2026-02-17 12:12:19.135327
224,2024-08-19,reply,democrat,en,0,0,0,0,"@Roberts_Rules 😂😂😂The folks Trump calls “animals” tooting his horn They got those COVID checks, avoided eviction and getting school loans reduced/ removed but yeah the guy who left a $3 trillion debt that Biden/Harris worked to clear up … and then COVID! It’s the ignorance that sink us all",[],1825577140005302272,False,False,https://twitter.com/CVilleGrown/status/1825577140005302378,"""{'id': 721869525596114944, 'id_str': '721869525596114944', 'url': 'https://twitter.com/I LOVE KAMALA\u2019s LAUGHTER', 'username': 'I LOVE KAMALA\u2019s LAUGHTER', 'rawDescription': 'Took a looooong break but Kamala brought me back! #ImAllInWithHarrisWalz', 'created': datetime.datetime(2016, 4, 18, 1, 14, 41, tzinfo=datetime.timezone.utc), 'followersCount': 772, 'friendsCount': 2586, 'statusesCount': 38457, 'favouritesCount': 182495, 'listedCount': 3, 'mediaCount': 1308, 'location': '', 'profileImageUrl': 'https://pbs.twimg.com/profile_images/1846213231305535488/uSCPXtZz_normal.jpg', 'profileBannerUrl': 'PW', 'protected': 'PW', 'verified': False, 'blue': False, 'blueType': None, 'descriptionLinks': ['PW'], '_type': 'PW'}""","@Roberts_Rules 😂😂😂The folks Trump calls “animals” tooting his horn They got those COVID checks, avoided eviction and getting school loans reduced/ removed but yeah the guy who left a $3 trillion debt that Biden/Harris worked to clear up … and then COVID! It’s the ignorance that sink us all",Roberts_Rules,,topic_diversified,2026-02-17 12:12:19.135327
98,2024-08-11,tweet,republican,en,2,2,0,0,Opinion | Elon Musk and Donald Trump share the worst similarities https://t.co/dD6t0G3QvA via @msnbc,[],1822774296097517568,False,False,https://twitter.com/NutrixOpus/status/1822774296097517722,"""{'id': 535425701, 'id_str': '535425701', 'url': 'https://twitter.com/Erin Brown \ud83c\udf35', 'username': 'Erin Brown \ud83c\udf35', 'rawDescription': \""Childless cat lady, prepared to demonstrate my commitment to the future of this country--as if being a proud veteran wasn't enough proof already. #Harris24\"", 'created': datetime.datetime(2012, 3, 24, 15, 10, 18, tzinfo=datetime.timezone.utc), 'followersCount': 461, 'friendsCount': 449, 'statusesCount': 52317, 'favouritesCount': 42542, 'listedCount': 12, 'mediaCount': 3940, 'location': \""Where there's electricity \ud83d\udd0c\"", 'profileImageUrl': 'https://pbs.twimg.com/profile_images/1334242582990209025/mAz7ka7Q_normal.jpg', 'profileBannerUrl': 'PW', 'protected': 'PW', 'verified': False, 'blue': False, 'blueType': None, 'descriptionLinks': ['PW'], '_type': 'PW'}""",Opinion | Elon Musk and Donald Trump share the worst similarities https://t.co/dD6t0G3QvA via @msnbc,,,topic_diversified,2026-02-17 12:12:19.135327
258,2024-08-12,reply,democrat,en,0,0,0,0,@RonDeSantis Basically as ethical as Joe Biden,[],1822815817274097920,False,False,https://twitter.com/termLimits001/status/1822815817274097926,"""{'id': 1598407485823615001, 'id_str': '1598407485823615001', 'url': 'https://twitter.com/SJ James', 'username': 'SJ James', 'rawDescription': '', 'created': datetime.datetime(2022, 12, 1, 20, 3, 56, tzinfo=datetime.timezone.utc), 'followersCount': 207, 'friendsCount': 273, 'statusesCount': 5194, 'favouritesCount': 2512, 'listedCount': 1, 'mediaCount': 130, 'location': '', 'profileImageUrl': 'https://abs.twimg.com/sticky/default_profile_images/default_profile_normal.png', 'profileBannerUrl': 'PW', 'protected': 'PW', 'verified': False, 'blue': False, 'blueType': None, 'descriptionLinks': ['PW'], '_type': 'PW'}""",@RonDeSantis Basically as ethical as Joe Biden,RonDeSantis,,topic_diversified,2026-02-17 12:12:19.135327
201,2024-08-13,reply,democrat,en,0,0,0,0,@realKyleKeegan I have never heard one person make fun of Biden having a stutter. Seems something the left bring out to make excuses for his in ability to thread a coherent sentence off prompter and sometimes on prompter,[],1823446624649028096,False,False,https://twitter.com/DawnOmni/status/1823446624649027612,"""{'id': 825851863476162560, 'id_str': '825851863476162560', 'url': 'https://twitter.com/Jacqueline \ud83c\udde8\ud83c\udde6\ud83e\udd2f\ud83d\udde3', 'username': 'Jacqueline \ud83c\udde8\ud83c\udde6\ud83e\udd2f\ud83d\udde3', 'rawDescription': 'Former President of the L& G Landowners Assoc. Real milk advocate since 2006 - Standing up for freedom of choice and freedom of speech', 'created': datetime.datetime(2017, 1, 29, 23, 43, 22, tzinfo=datetime.timezone.utc), 'followersCount': 2810, 'friendsCount': 4606, 'statusesCount': 5553, 'favouritesCount': 63688, 'listedCount': 1, 'mediaCount': 72, 'location': 'Ontario, CA', 'profileImageUrl': 'https://pbs.twimg.com/profile_images/1848912382958936064/ChNJtC3J_normal.jpg', 'profileBannerUrl': 'PW', 'protected': 'PW', 'verified': False, 'blue': False, 'blueType': None, 'descriptionLinks': ['PW'], '_type': 'PW'}""",@realKyleKeegan I have never heard one person make fun of Biden having a stutter. Seems something the left bring out to make excuses for his in ability to thread a coherent sentence off prompter and sometimes on prompter,realKyleKeegan,,topic_diversified,2026-02-17 12:12:19.135327
268,2024-08-19,reply,democrat,en,0,0,0,0,@DemocracyHere Each of the @HouseDemocrats who asked @Pres Biden to step aside after 50 free and fair elections should go too. Overturning elections is wrong not matter which party does it. #NeverKamala #DNCConvention My ballot did not say Biden or Harris for president. https://t.co/mvuvdSRzaO,"""[{'indices': [190, 202], 'text': 'NeverKamala'}, {'indices': [203, 217], 'text': 'DNCConvention'}]""",1825345016497119488,False,False,https://twitter.com/SammyFan19/status/1825345016497119578,"""{'id': 1745201022497406976, 'id_str': '1745201022497406976', 'url': 'https://twitter.com/NonTeflon Don', 'username': 'NonTeflon Don', 'rawDescription': '', 'created': datetime.datetime(2024, 1, 10, 21, 49, 39, tzinfo=datetime.timezone.utc), 'followersCount': 66, 'friendsCount': 28, 'statusesCount': 1866, 'favouritesCount': 2085, 'listedCount': 0, 'mediaCount': 100, 'location': '', 'profileImageUrl': 'https://pbs.twimg.com/profile_images/1809688447986331650/WHGiZwil_normal.jpg', 'profileBannerUrl': 'PW', 'protected': 'PW', 'verified': False, 'blue': False, 'blueType': None, 'descriptionLinks': ['PW'], '_type': 'PW'}""",@DemocracyHere Each of the @HouseDemocrats who asked @Pres Biden to step aside after 50 free and fair elections should go too. Overturning elections is wrong not matter which party does it. #NeverKamala #DNCConvention My ballot did not say Biden or Harris for president. https://t.co/mvuvdSRzaO,DemocracyHere,,topic_diversified,2026-02-17 12:12:19.135327
467,2024-08-16,tweet,neutral,en,398,187,102,10,"🚨 #NEWS: The Case of an Illegal Alien Gang Member Who Assaulted a Border Patrol Agent  

Diego Ibarra was released into the United States in 2023 despite his apparent gang membership and assault of a Border Patrol agent.

After assaulting a Border Patrol agent, Diego's file https://t.co/WXcqy1EeTX","""[{'indices': [2, 7], 'text': 'NEWS'}]""",1824509713096249088,False,False,https://twitter.com/JudiciaryGOP/status/1824509713096249359,"""{'id': 1131917492, 'id_str': '1131917492', 'url': 'https://twitter.com/House Judiciary GOP \ud83c\uddfa\ud83c\uddf8\ud83c\uddfa\ud83c\uddf8\ud83c\uddfa\ud83c\uddf8', 'username': 'House Judiciary GOP \ud83c\uddfa\ud83c\uddf8\ud83c\uddfa\ud83c\uddf8\ud83c\uddfa\ud83c\uddf8', 'rawDescription': 'Official Twitter for the House Committee on the Judiciary, Republicans | Est. 1813 | Chairman @Jim_Jordan', 'created': datetime.datetime(2013, 1, 29, 19, 25, 24, tzinfo=datetime.timezone.utc), 'followersCount': 492895, 'friendsCount': 790, 'statusesCount': 35550, 'favouritesCount': 1164, 'listedCount': 2035, 'mediaCount': 3853, 'location': 'Washington, D.C.', 'profileImageUrl': 'https://pbs.twimg.com/profile_images/1739904206855704576/ZwhDAlGs_normal.jpg', 'profileBannerUrl': 'PW', 'protected': 'PW', 'verified': False, 'blue': True, 'blueType': None, 'descriptionLinks': ['PW'], '_type': 'PW'}""","🚨 #NEWS: The Case of an Illegal Alien Gang Member Who Assaulted a Border Patrol Agent  

Diego Ibarra was released into the United States in 2023 despite his apparent gang membership and assault of a Border Patrol agent.

After assaulting a Border Patrol agent, Diego's file https://t.co/WXcqy1EeTX",,,topic_diversified,2026-02-17 12:12:19.135327
440,2024-08-13,tweet,neutral,en,0,0,0,0,"Connecticut is too far gone. Whether @MattCoreyCT or @gerryforsenate wins today's ultra low turnout primary, Chris Murphy will win in November because Nutmeg State voters epically suck. #CTPolitics","""[{'indices': [186, 197], 'text': 'CTPolitics'}]""",1823357086060941568,False,False,https://twitter.com/Aonyx31/status/1823357086060941577,"""{'id': 990474475, 'id_str': '990474475', 'url': 'https://twitter.com/A CT Conservative', 'username': 'A CT Conservative', 'rawDescription': \""Solid conservative Republican from Connecticut. Not interested in RINOs. Let's win the culture war! #Trump2024 \ud83c\uddfa\ud83c\uddf8\"", 'created': datetime.datetime(2012, 12, 5, 8, 14, 40, tzinfo=datetime.timezone.utc), 'followersCount': 111, 'friendsCount': 55, 'statusesCount': 1229, 'favouritesCount': 535, 'listedCount': 3, 'mediaCount': 222, 'location': 'Connecticut', 'profileImageUrl': 'https://pbs.twimg.com/profile_images/986345970542764033/bZb6A3Nv_normal.jpg', 'profileBannerUrl': 'PW', 'protected': 'PW', 'verified': False, 'blue': False, 'blueType': None, 'descriptionLinks': ['PW'], '_type': 'PW'}""","Connecticut is too far gone. Whether @MattCoreyCT or @gerryforsenate wins today's ultra low turnout primary, Chris Murphy will win in November because Nutmeg State voters epically suck. #CTPolitics",,,topic_diversified,2026-02-17 12:12:19.135327
26,2024-08-09,quote,republican,en,1,0,0,0,"He's a Veteran with 24 years of distinguished service. No one can taint that or take it away. MAGA is desperate to shift the narrative away from the couch boy who barely put in 4 years. Nice try, I'm with @GovTimWalz every step of the way until he is our Vice President.",[],1821932609519431936,False,True,https://twitter.com/Cristi_Wolfram/status/1821932609519431700,"""{'id': 27906401, 'id_str': '27906401', 'url': 'https://twitter.com/Cristi Wolfram', 'username': 'Cristi Wolfram', 'rawDescription': 'Stay at home mom/grandma of four, fitness fanatic, entrepreneur, Harris 2024, #VoteBlue #KamalaforPresident2024', 'created': datetime.datetime(2009, 3, 31, 16, 36, 22, tzinfo=datetime.timezone.utc), 'followersCount': 1218, 'friendsCount': 2323, 'statusesCount': 146971, 'favouritesCount': 129972, 'listedCount': 22, 'mediaCount': 355, 'location': 'Las Vegas', 'profileImageUrl': 'https://pbs.twimg.com/profile_images/1789876527569747968/KJE9i5cp_normal.jpg', 'profileBannerUrl': 'PW', 'protected': 'PW', 'verified': False, 'blue': False, 'blueType': None, 'descriptionLinks': ['PW'], '_type': 'PW'}""","He's a Veteran with 24 years of distinguished service. No one can taint that or take it away. MAGA is desperate to shift the narrative away from the couch boy who barely put in 4 years. Nice try, I'm with @GovTimWalz every step of the way until he is our Vice President.",,,topic_diversified,2026-02-17 12:12:19.135327
244,2024-08-20,tweet,democrat,en,0,0,0,0,"Biden's late-night swan song: Day 1 takeaways from the DNC
Salute president Biden, you gave your best and served the United States of America 🇺🇸. Well done 🫡",[],1825867577047810048,False,False,https://twitter.com/Alvn74060552/status/1825867577047810137,"""{'id': 1095778372393807879, 'id_str': '1095778372393807879', 'url': 'https://twitter.com/Alvn', 'username': 'Alvn', 'rawDescription': \""I've been redeem\"", 'created': datetime.datetime(2019, 2, 13, 20, 14, 57, tzinfo=datetime.timezone.utc), 'followersCount': 3, 'friendsCount': 13, 'statusesCount': 934, 'favouritesCount': 0, 'listedCount': 0, 'mediaCount': 1, 'location': '', 'profileImageUrl': 'https://pbs.twimg.com/profile_images/1095779465001463808/1DuRPegb_normal.jpg', 'profileBannerUrl': 'PW', 'protected': 'PW', 'verified': False, 'blue': False, 'blueType': None, 'descriptionLinks': ['PW'], '_type': 'PW'}""","Biden's late-night swan song: Day 1 takeaways from the DNC
Salute president Biden, you gave your best and served the United States of America 🇺🇸. Well done 🫡",,,topic_diversified,2026-02-17 12:12:19.135327
446,2024-08-13,reply,neutral,en,0,0,0,0,@mjfree Harrison Butker explained the MAGA position on this https://t.co/nCA1fgzRb0,[],1823439705372811520,False,False,https://twitter.com/ScarletShamrock/status/1823439705372811571,"""{'id': 14501379, 'id_str': '14501379', 'url': 'https://twitter.com/Buckeye in Beantown \ud83c\udf30\u2618\ufe0f\ud83d\udc8d', 'username': 'Buckeye in Beantown \ud83c\udf30\u2618\ufe0f\ud83d\udc8d', 'rawDescription': 'Ohio Bred | New England Forged \\n\\nBoston Sports + Buckeyes \u2022 Wicked woke \u2022 He/Him \u2022 Ally \ud83c\udff3\ufe0f\\u200d\ud83c\udf08\\n\\n#GoBucks \ud83c\udf30 \u2022  #DifferentHere \u2618\ufe0f \u2022  #NEPats  \u2022  #DirtyWater', 'created': datetime.datetime(2008, 4, 23, 21, 38, 40, tzinfo=datetime.timezone.utc), 'followersCount': 563, 'friendsCount': 1989, 'statusesCount': 7901, 'favouritesCount': 30085, 'listedCount': 1, 'mediaCount': 2504, 'location': 'Mansfield, Massachusetts', 'profileImageUrl': 'https://pbs.twimg.com/profile_images/1823397900992294919/66FNw9HX_normal.jpg', 'profileBannerUrl': 'PW', 'protected': 'PW', 'verified': False, 'blue': False, 'blueType': None, 'descriptionLinks': ['PW'], '_type': 'PW'}""",@mjfree Harrison Butker explained the MAGA position on this https://t.co/nCA1fgzRb0,mjfree,,topic_diversified,2026-02-17 12:12:19.135327
451,2024-08-17,reply,neutral,en,51,8,0,0,"@elonmusk @alexandre Wow.  That is such a shame Elon.  You try to provide world citizens with freedom of speech, and this is how some governments treat you??? 

An utter disgrace is right.",[],1824840585133568512,False,False,https://twitter.com/JKash000/status/1824840585133568192,"""{'id': 390127278, 'id_str': '390127278', 'url': 'https://twitter.com/JKash \ud83c\udf4aMAGA Queen', 'username': 'JKash \ud83c\udf4aMAGA Queen', 'rawDescription': 'Former actuary, at-home mom, wife, math tutor, kickboxer, joined to follow PDJT, love learning about US gov/world, always searching for truth.', 'created': datetime.datetime(2011, 10, 13, 14, 12, 53, tzinfo=datetime.timezone.utc), 'followersCount': 127898, 'friendsCount': 47392, 'statusesCount': 274198, 'favouritesCount': 948506, 'listedCount': 69, 'mediaCount': 17420, 'location': 'East Coast', 'profileImageUrl': 'https://pbs.twimg.com/profile_images/1784620849946845184/ggbgng92_normal.jpg', 'profileBannerUrl': 'PW', 'protected': 'PW', 'verified': False, 'blue': True, 'blueType': None, 'descriptionLinks': ['PW'], '_type': 'PW'}""","@elonmusk @alexandre Wow.  That is such a shame Elon.  You try to provide world citizens with freedom of speech, and this is how some governments treat you??? 

An utter disgrace is right.",elonmusk,,topic_diversified,2026-02-17 12:12:19.135327
74,2024-08-09,reply,republican,en,0,0,0,0,"@GOP Why debate when you are in the lead.
Just ask Trump....",[],1821931023241773056,False,False,https://twitter.com/Ross3512869229/status/1821931023241773059,"""{'id': 1668974335980077057, 'id_str': '1668974335980077057', 'url': 'https://twitter.com/Ross', 'username': 'Ross', 'rawDescription': '', 'created': datetime.datetime(2023, 6, 14, 13, 31, 18, tzinfo=datetime.timezone.utc), 'followersCount': 4, 'friendsCount': 86, 'statusesCount': 2023, 'favouritesCount': 44, 'listedCount': 1, 'mediaCount': 30, 'location': '', 'profileImageUrl': 'https://abs.twimg.com/sticky/default_profile_images/default_profile_normal.png', 'profileBannerUrl': 'PW', 'protected': 'PW', 'verified': False, 'blue': False, 'blueType': None, 'descriptionLinks': ['PW'], '_type': 'PW'}""","@GOP Why debate when you are in the lead.
Just ask Trump....",GOP,,topic_diversified,2026-02-17 12:12:19.135327
209,2024-08-21,reply,democrat,en,0,0,0,0,"@harris_wins An American citizen must have duties, responsibilities, and benefits. 
As for me, who is half a world away from Washington DC, I have to do the opposite: rights, responsibilities, and then the duties of an American citizen. 
Current US President Joe Biden",[],1826155355925262336,False,False,https://twitter.com/AtQuoc66073/status/1826155355925262619,"""{'id': 1817207383153844224, 'id_str': '1817207383153844224', 'url': 'https://twitter.com/Qu\u1ed1c \u0110\u1ea1t. Nguy\u1ec5n', 'username': 'Qu\u1ed1c \u0110\u1ea1t. Nguy\u1ec5n', 'rawDescription': '', 'created': datetime.datetime(2024, 7, 27, 14, 37, 24, tzinfo=datetime.timezone.utc), 'followersCount': 100, 'friendsCount': 71, 'statusesCount': 823, 'favouritesCount': 1402, 'listedCount': 0, 'mediaCount': 3, 'location': '', 'profileImageUrl': 'https://pbs.twimg.com/profile_images/1817207668416851968/4DEUMz_x_normal.png', 'profileBannerUrl': 'PW', 'protected': 'PW', 'verified': False, 'blue': False, 'blueType': None, 'descriptionLinks': ['PW'], '_type': 'PW'}""","@harris_wins An American citizen must have duties, responsibilities, and benefits. 
As for me, who is half a world away from Washington DC, I have to do the opposite: rights, responsibilities, and then the duties of an American citizen. 
Current US President Joe Biden",harris_wins,,topic_diversified,2026-02-17 12:12:19.135327
208,2024-08-13,tweet,democrat,en,0,0,0,0,Donald Trump and his elections staff rapidly adjusting to Kamala Harris' candidacy... https://t.co/mgyuLyA6gn,[],1823488321018061056,False,False,https://twitter.com/Truth2Pwer/status/1823488321018061100,"""{'id': 2418402254, 'id_str': '2418402254', 'url': 'https://twitter.com/David Takaki, Leilani is ilio', 'username': 'David Takaki, Leilani is ilio', 'rawDescription': \""UNSC Resolution 1325, Equal Rights Amendment, Climate Change is Real, Foreign Policy, Int'l Relations...  Si vis pacem, para pacem\"", 'created': datetime.datetime(2014, 3, 30, 3, 47, 44, tzinfo=datetime.timezone.utc), 'followersCount': 2492, 'friendsCount': 2510, 'statusesCount': 195429, 'favouritesCount': 14405, 'listedCount': 220, 'mediaCount': 28063, 'location': 'Hawaii', 'profileImageUrl': 'https://pbs.twimg.com/profile_images/1689155770817150978/GdOVVsob_normal.jpg', 'profileBannerUrl': 'PW', 'protected': 'PW', 'verified': False, 'blue': False, 'blueType': None, 'descriptionLinks': ['PW'], '_type': 'PW'}""",Donald Trump and his elections staff rapidly adjusting to Kamala Harris' candidacy... https://t.co/mgyuLyA6gn,,,topic_diversified,2026-02-17 12:12:19.135327
237,2024-08-13,reply,democrat,en,1,0,1,0,"@ryancharleston @Jason @GOP @KamalaHarris I see your opinions were sufficiently downloaded from the MSM.
Good job!",[],1823499856364642816,False,False,https://twitter.com/YourWebmiester/status/1823499856364642762,"""{'id': 179985239, 'id_str': '179985239', 'url': 'https://twitter.com/Webmiester', 'username': 'Webmiester', 'rawDescription': 'Transparency & Candor always win | Husband & Dad of 4 | F50 FinTech Ldr | Gulf Vet | Nuclear Physics by education | \ud835\udd4f Memer | 20+ yrs Digital Marketing', 'created': datetime.datetime(2010, 8, 18, 15, 28, 36, tzinfo=datetime.timezone.utc), 'followersCount': 8272, 'friendsCount': 3100, 'statusesCount': 34954, 'favouritesCount': 41712, 'listedCount': 4, 'mediaCount': 3240, 'location': 'Margaritaville', 'profileImageUrl': 'https://pbs.twimg.com/profile_images/1705789189634015232/3ROAoMqt_normal.jpg', 'profileBannerUrl': 'PW', 'protected': 'PW', 'verified': False, 'blue': True, 'blueType': None, 'descriptionLinks': ['PW'], '_type': 'PW'}""","@ryancharleston @Jason @GOP @KamalaHarris I see your opinions were sufficiently downloaded from the MSM.
Good job!",ryancharleston,,topic_diversified,2026-02-17 12:12:19.135327
482,2024-08-04,quote,neutral,en,8734,1853,984,34,"Happy Birthday, @USCG!",[],1820219722799165952,False,True,https://twitter.com/POTUS/status/1820219722799165825,"""{'id': 1349149096909668363, 'id_str': '1349149096909668363', 'url': 'https://twitter.com/President Biden', 'username': 'President Biden', 'rawDescription': '46th President of the United States, husband to @FLOTUS, proud dad & pop. Tweets may be archived: https://t.co/HDhBZBkKpU Text me: (302) 404-0880', 'created': datetime.datetime(2021, 1, 13, 0, 37, 8, tzinfo=datetime.timezone.utc), 'followersCount': 36818237, 'friendsCount': 5, 'statusesCount': 9958, 'favouritesCount': 18, 'listedCount': 28241, 'mediaCount': 3981, 'location': '', 'profileImageUrl': 'https://pbs.twimg.com/profile_images/1380530524779859970/TfwVAbyX_normal.jpg', 'profileBannerUrl': 'PW', 'protected': 'PW', 'verified': False, 'blue': True, 'blueType': None, 'descriptionLinks': ['PW'], '_type': 'PW'}""","Happy Birthday, @USCG!",,,topic_diversified,2026-02-17 12:12:19.135327
263,2024-08-16,reply,democrat,en,0,0,0,0,"@chelsey0726 @NancyMace Biden showered with his daughter ! She feared him! Molester!!
Yet you said nothing. You are a fraud",[],1824285424510009600,False,False,https://twitter.com/cpage45/status/1824285424510009756,"""{'id': 266267372, 'id_str': '266267372', 'url': 'https://twitter.com/Nonya Beeswax', 'username': 'Nonya Beeswax', 'rawDescription': 'MAGA.  Veteran spouse , GOD, COUNTRY, FAMILY  Always FAMILY, PATRIOT\\n\ud83c\uddfa\ud83c\uddf2\ud83c\uddfa\ud83c\uddf2\ud83c\uddfa\ud83c\uddf2\ud83c\uddfa\ud83c\uddf2\ud83c\uddfa\ud83c\uddf2\ud83c\uddfa\ud83c\uddf2', 'created': datetime.datetime(2011, 3, 14, 23, 39, 36, tzinfo=datetime.timezone.utc), 'followersCount': 5904, 'friendsCount': 7492, 'statusesCount': 28773, 'favouritesCount': 30651, 'listedCount': 12, 'mediaCount': 1055, 'location': 'Texas', 'profileImageUrl': 'https://pbs.twimg.com/profile_images/1753172699222773760/m-vumVo5_normal.jpg', 'profileBannerUrl': 'PW', 'protected': 'PW', 'verified': False, 'blue': True, 'blueType': None, 'descriptionLinks': ['PW'], '_type': 'PW'}""","@chelsey0726 @NancyMace Biden showered with his daughter ! She feared him! Molester!!
Yet you said nothing. You are a fraud",chelsey0726,,topic_diversified,2026-02-17 12:12:19.135327
43,2024-08-16,reply,republican,en,0,0,0,0,@MattWalshBlog @RealBrysonGray Make America Great Again Country - Donald Trump AI is better.,[],1824500650895610368,False,False,https://twitter.com/MithaLaw/status/1824500650895610324,"""{'id': 1637636270762459136, 'id_str': '1637636270762459136', 'url': 'https://twitter.com/Sam Mitha', 'username': 'Sam Mitha', 'rawDescription': 'Political Corruption | Civil Rights | Medical Fraud https://t.co/NrERAl4KBe | https://t.co/PyUrHeaHim', 'created': datetime.datetime(2023, 3, 20, 2, 5, 9, tzinfo=datetime.timezone.utc), 'followersCount': 6793, 'friendsCount': 1025, 'statusesCount': 41482, 'favouritesCount': 0, 'listedCount': 94, 'mediaCount': 1946, 'location': '', 'profileImageUrl': 'https://pbs.twimg.com/profile_images/1837712913546518528/S3F4RXxh_normal.jpg', 'profileBannerUrl': 'PW', 'protected': 'PW', 'verified': False, 'blue': True, 'blueType': None, 'descriptionLinks': ['PW'], '_type': 'PW'}""",@MattWalshBlog @RealBrysonGray Make America Great Again Country - Donald Trump AI is better.,MattWalshBlog,,topic_diversified,2026-02-17 12:12:19.135327
18,2024-08-15,reply,republican,en,0,0,1,0,@ericsuniverse @amyforsandiego @BillMelugin_ the trump supporters in LA county? That massive voting block? What the reporter should know is that the number of people who are completely closed to voting for a Trump supporter far out number folks who are in the maga cult. Especially in LA county.,[],1824192755146318336,False,False,https://twitter.com/Tjswrite/status/1824192755146318300,"""{'id': 1925751055, 'id_str': '1925751055', 'url': 'https://twitter.com/TJ', 'username': 'TJ', 'rawDescription': 'Actual tennis handicapper, former teaching pro and player. Former Venture Capital/Wall Street associate. Current Attorney. Team Apes but be smart about it.', 'created': datetime.datetime(2013, 10, 2, 5, 20, 5, tzinfo=datetime.timezone.utc), 'followersCount': 164, 'friendsCount': 191, 'statusesCount': 3562, 'favouritesCount': 1857, 'listedCount': 1, 'mediaCount': 1, 'location': 'Las Vegas/NYC', 'profileImageUrl': 'https://pbs.twimg.com/profile_images/378800000536773964/2d12c454d71a5a78bd7ea3f7e6024686_normal.jpeg', 'profileBannerUrl': 'PW', 'protected': 'PW', 'verified': False, 'blue': False, 'blueType': None, 'descriptionLinks': ['PW'], '_type': 'PW'}""",@ericsuniverse @amyforsandiego @BillMelugin_ the trump supporters in LA county? That massive voting block? What the reporter should know is that the number of people who are completely closed to voting for a Trump supporter far out number folks who are in the maga cult. Especially in LA county.,ericsuniverse,,topic_diversified,2026-02-17 12:12:19.135327
466,2024-08-12,reply,neutral,en,58,3,8,0,@JDVance Reminder that he set up a statewide covid snitch line for informing on neighbors and family,[],1822797536517931520,False,False,https://twitter.com/plantationdrip/status/1822797536517931425,"""{'id': 1549483028397060096, 'id_str': '1549483028397060096', 'url': 'https://twitter.com/Peyton Stoddard', 'username': 'Peyton Stoddard', 'rawDescription': 'Plantation Scientist', 'created': datetime.datetime(2022, 7, 19, 19, 57, 35, tzinfo=datetime.timezone.utc), 'followersCount': 8032, 'friendsCount': 830, 'statusesCount': 9776, 'favouritesCount': 21587, 'listedCount': 54, 'mediaCount': 4063, 'location': '', 'profileImageUrl': 'https://pbs.twimg.com/profile_images/1555481370582999040/-PZS5Ehm_normal.jpg', 'profileBannerUrl': 'PW', 'protected': 'PW', 'verified': False, 'blue': True, 'blueType': None, 'descriptionLinks': ['PW'], '_type': 'PW'}""",@JDVance Reminder that he set up a statewide covid snitch line for informing on neighbors and family,JDVance,,topic_diversified,2026-02-17 12:12:19.135327
77,2024-08-15,reply,republican,en,0,0,0,0,"@Socket1Sophie Did a news feature back in the 80s when there was the switch from DHSS to Housing Benefit. 
We had a property company and met the Conservative Minister in Parliament to try and sort the shambles.",[],1824181993401131008,False,False,https://twitter.com/PoultenDavid/status/1824181993401131098,"""{'id': 2875520282, 'id_str': '2875520282', 'url': 'https://twitter.com/David Poulten', 'username': 'David Poulten', 'rawDescription': 'Many moons ago I did a politics and international relations degree then worked in it on and off for 40 years.\\nIn Parliament the day Harold Wilson resigned.', 'created': datetime.datetime(2014, 10, 24, 16, 5, 18, tzinfo=datetime.timezone.utc), 'followersCount': 730, 'friendsCount': 1120, 'statusesCount': 61270, 'favouritesCount': 11498, 'listedCount': 12, 'mediaCount': 39, 'location': '', 'profileImageUrl': 'https://pbs.twimg.com/profile_images/1349987277599072256/fJp5CxeY_normal.jpg', 'profileBannerUrl': 'PW', 'protected': 'PW', 'verified': False, 'blue': False, 'blueType': None, 'descriptionLinks': ['PW'], '_type': 'PW'}""","@Socket1Sophie Did a news feature back in the 80s when there was the switch from DHSS to Housing Benefit. 
We had a property company and met the Conservative Minister in Parliament to try and sort the shambles.",Socket1Sophie,,topic_diversified,2026-02-17 12:12:19.135327
91,2024-08-10,reply,republican,en,0,0,0,0,@RealCandaceO The problem is that Progressives are a moving target and the GOP are slow to adapt. The right still operate as if it is still a contest between Republicans and Democrats. Fortunately Progressives react like super-balls in a small room. Quirky but manageable.,[],1822308083428941568,False,False,https://twitter.com/ElderFine09/status/1822308083428941884,"""{'id': 1666899340672258048, 'id_str': '1666899340672258048', 'url': 'https://twitter.com/Elder Fine', 'username': 'Elder Fine', 'rawDescription': '', 'created': datetime.datetime(2023, 6, 8, 20, 6, 27, tzinfo=datetime.timezone.utc), 'followersCount': 289, 'friendsCount': 169, 'statusesCount': 4538, 'favouritesCount': 1016, 'listedCount': 0, 'mediaCount': 0, 'location': '', 'profileImageUrl': 'https://pbs.twimg.com/profile_images/1666905255546875904/z3OsRrn6_normal.jpg', 'profileBannerUrl': 'PW', 'protected': 'PW', 'verified': False, 'blue': True, 'blueType': None, 'descriptionLinks': ['PW'], '_type': 'PW'}""",@RealCandaceO The problem is that Progressives are a moving target and the GOP are slow to adapt. The right still operate as if it is still a contest between Republicans and Democrats. Fortunately Progressives react like super-balls in a small room. Quirky but manageable.,RealCandaceO,,topic_diversified,2026-02-17 12:12:19.135327
25,2024-08-16,reply,republican,en,0,0,0,0,@GOP Trump has been bragging how amazing Venezuela is doing though. He keeps bragging their crime in way down. 😹,[],1824269128254771200,False,False,https://twitter.com/OdnutNadnerb/status/1824269128254771320,"""{'id': 1611919309390897153, 'id_str': '1611919309390897153', 'url': 'https://twitter.com/Odnut Nadnerb', 'username': 'Odnut Nadnerb', 'rawDescription': '\ud83d\udc99Radical Left Lunatic \ud83d\udc99\ud83d\ude08\ud83d\ude39\ud83c\udf0a\ud83c\uddfa\ud83c\uddf8\u262e\ufe0f. \ud83d\udc99\ud83c\udf08 welcomed\ud83d\udeab MAGAts\ud83d\udeabfascist \ud83d\udeabProject 2025\ud83d\udeabTrump/Shady Vance', 'created': datetime.datetime(2023, 1, 8, 2, 55, 9, tzinfo=datetime.timezone.utc), 'followersCount': 1026, 'friendsCount': 1409, 'statusesCount': 10697, 'favouritesCount': 104386, 'listedCount': 2, 'mediaCount': 4286, 'location': 'Bowling Green, KY', 'profileImageUrl': 'https://pbs.twimg.com/profile_images/1755723082608623617/CqO4mSaI_normal.jpg', 'profileBannerUrl': 'PW', 'protected': 'PW', 'verified': False, 'blue': False, 'blueType': None, 'descriptionLinks': ['PW'], '_type': 'PW'}""",@GOP Trump has been bragging how amazing Venezuela is doing though. He keeps bragging their crime in way down. 😹,GOP,,topic_diversified,2026-02-17 12:12:19.135327
58,2024-08-12,reply,republican,en,2,0,0,0,@highbrow_nobrow @AccountableGOP Deflect & Deny. That should be the new MAGA motto.,[],1822833380725068032,False,False,https://twitter.com/tomatorose13/status/1822833380725067781,"""{'id': 1853720209, 'id_str': '1853720209', 'url': 'https://twitter.com/Rose \ud83c\uddfa\ud83c\uddf8\ud83e\udd85', 'username': 'Rose \ud83c\uddfa\ud83c\uddf8\ud83e\udd85', 'rawDescription': 'Blue voter since 1976. Liberal Feminist. When We Fight We Win.                                DM = Instant Block', 'created': datetime.datetime(2013, 9, 11, 8, 5, 33, tzinfo=datetime.timezone.utc), 'followersCount': 1732, 'friendsCount': 1794, 'statusesCount': 23422, 'favouritesCount': 5586, 'listedCount': 0, 'mediaCount': 327, 'location': 'Texas for Now. Born in PA.', 'profileImageUrl': 'https://pbs.twimg.com/profile_images/1680079501655433216/7vC1eG7K_normal.jpg', 'profileBannerUrl': 'PW', 'protected': 'PW', 'verified': False, 'blue': False, 'blueType': None, 'descriptionLinks': ['PW'], '_type': 'PW'}""",@highbrow_nobrow @AccountableGOP Deflect & Deny. That should be the new MAGA motto.,highbrow_nobrow,,topic_diversified,2026-02-17 12:12:19.135327
93,2024-08-19,reply,republican,en,5,2,1,1,"@GNQ__ MAGA brainwashing ok.

The problem is, you see 99% of current issues through the lens of your own sexuality and ignore everything else. You’re young. You have a lot of maturing to do.",[],1825359089158776064,False,False,https://twitter.com/HomoConNYC/status/1825359089158775258,"""{'id': 26538314, 'id_str': '26538314', 'url': 'https://twitter.com/HomoConNYC', 'username': 'HomoConNYC', 'rawDescription': 'Don\u2019t believe your lying eyes. Pronouns: Get/Lost', 'created': datetime.datetime(2009, 3, 25, 17, 4, 17, tzinfo=datetime.timezone.utc), 'followersCount': 7259, 'friendsCount': 6393, 'statusesCount': 37061, 'favouritesCount': 90226, 'listedCount': 28, 'mediaCount': 4500, 'location': 'NY Shitty / The Big Crapple', 'profileImageUrl': 'https://pbs.twimg.com/profile_images/1443721325042933762/GIj6gfMj_normal.jpg', 'profileBannerUrl': 'PW', 'protected': 'PW', 'verified': False, 'blue': True, 'blueType': None, 'descriptionLinks': ['PW'], '_type': 'PW'}""","@GNQ__ MAGA brainwashing ok.

The problem is, you see 99% of current issues through the lens of your own sexuality and ignore everything else. You’re young. You have a lot of maturing to do.",GNQ___,,topic_diversified,2026-02-17 12:12:19.135327
78,2024-08-13,reply,republican,en,0,0,0,0,"@elonmusk @AutismCapital After the assassination attempt I did a Google search. 

Could not find a conservative outlet but I found two or three links to Al Jazeera...

Been using Duck-Duck-Go a little more since then",[],1823505541618130944,False,False,https://twitter.com/TooBigToRig101/status/1823505541618130998,"""{'id': 1812354546137739264, 'id_str': '1812354546137739264', 'url': 'https://twitter.com/America First!', 'username': 'America First!', 'rawDescription': 'Reagan Conservative\\n+ Trump Conservative     \\n=America First!', 'created': datetime.datetime(2024, 7, 14, 5, 13, 44, tzinfo=datetime.timezone.utc), 'followersCount': 201, 'friendsCount': 41, 'statusesCount': 4159, 'favouritesCount': 3866, 'listedCount': 0, 'mediaCount': 32, 'location': 'USA', 'profileImageUrl': 'https://pbs.twimg.com/profile_images/1826857511485317120/25_LJdO4_normal.jpg', 'profileBannerUrl': 'PW', 'protected': 'PW', 'verified': False, 'blue': False, 'blueType': None, 'descriptionLinks': ['PW'], '_type': 'PW'}""","@elonmusk @AutismCapital After the assassination attempt I did a Google search. 

Could not find a conservative outlet but I found two or three links to Al Jazeera...

Been using Duck-Duck-Go a little more since then",elonmusk,,topic_diversified,2026-02-17 12:12:19.135327
490,2024-08-19,tweet,neutral,en,2329,762,336,39,"292 page report from House GOP state biden & his family received $27 MILLION from foreign individuals & entities, and this is an ‘impeachable offense.’ 

What took so long? And what is going to be done about it? https://t.co/6pPr63DU4m",[],1825580045831684352,False,False,https://twitter.com/leslibless/status/1825580045831684351,"""{'id': 1329171068196622337, 'id_str': '1329171068196622337', 'url': 'https://twitter.com/\ud83c\uddfa\ud83c\uddf8ProudArmyBrat', 'username': '\ud83c\uddfa\ud83c\uddf8ProudArmyBrat', 'rawDescription': 'Daughter of COL, resting in Arlington NC \u2022 Sister to 5 DoD brothers \u2022 Firm Conservative \u2022 Traditional Values \u2022 Political Commentary \u2022 Breaking News \u2022', 'created': datetime.datetime(2020, 11, 18, 21, 14, 26, tzinfo=datetime.timezone.utc), 'followersCount': 498991, 'friendsCount': 159619, 'statusesCount': 80901, 'favouritesCount': 156972, 'listedCount': 396, 'mediaCount': 10173, 'location': 'Carlisle, PA', 'profileImageUrl': 'https://pbs.twimg.com/profile_images/1682228142641954816/Efrhfo5G_normal.jpg', 'profileBannerUrl': 'PW', 'protected': 'PW', 'verified': False, 'blue': True, 'blueType': None, 'descriptionLinks': ['PW'], '_type': 'PW'}""","292 page report from House GOP state biden & his family received $27 MILLION from foreign individuals & entities, and this is an ‘impeachable offense.’ 

What took so long? And what is going to be done about it? https://t.co/6pPr63DU4m",,,topic_diversified,2026-02-17 12:12:19.135327
267,2024-08-16,quote,democrat,en,1,0,0,0,The award meant something aside from Obama and Biden's presidential terms.  I'm not mad at this.,[],1824596584467673088,False,True,https://twitter.com/BrandonSup8/status/1824596584467673403,"""{'id': 1598802539167850499, 'id_str': '1598802539167850499', 'url': 'https://twitter.com/B - Sup', 'username': 'B - Sup', 'rawDescription': 'Huge Masshole.  Common Sense Sufferer.  Meat and Eggs are Medicine. \\n\\nYour body puts out what you put into it.', 'created': datetime.datetime(2022, 12, 2, 22, 13, 39, tzinfo=datetime.timezone.utc), 'followersCount': 973, 'friendsCount': 372, 'statusesCount': 18894, 'favouritesCount': 22845, 'listedCount': 5, 'mediaCount': 1342, 'location': 'City of Champions', 'profileImageUrl': 'https://pbs.twimg.com/profile_images/1797249168097873921/s2oy1Lbv_normal.jpg', 'profileBannerUrl': 'PW', 'protected': 'PW', 'verified': False, 'blue': True, 'blueType': None, 'descriptionLinks': ['PW'], '_type': 'PW'}""",The award meant something aside from Obama and Biden's presidential terms.  I'm not mad at this.,,,topic_diversified,2026-02-17 12:12:19.135327
8,2024-08-19,reply,republican,en,0,0,0,0,"@Used_To_Be_GOP Yet, it's a them and not a you problem?

You sound mentally ill.",[],1825592608548065280,False,False,https://twitter.com/EdBalls2112/status/1825592608548065547,"""{'id': 1663584087783755776, 'id_str': '1663584087783755776', 'url': 'https://twitter.com/Jerry Cann Buggers NYC', 'username': 'Jerry Cann Buggers NYC', 'rawDescription': 'A constitutional fuel can for Freedom. Fuck NYC up its Asshole.', 'created': datetime.datetime(2023, 5, 30, 16, 32, 37, tzinfo=datetime.timezone.utc), 'followersCount': 320, 'friendsCount': 251, 'statusesCount': 15359, 'favouritesCount': 2838, 'listedCount': 4, 'mediaCount': 2521, 'location': '', 'profileImageUrl': 'https://pbs.twimg.com/profile_images/1831719523281416192/41eQ9W3d_normal.jpg', 'profileBannerUrl': 'PW', 'protected': 'PW', 'verified': False, 'blue': False, 'blueType': None, 'descriptionLinks': ['PW'], '_type': 'PW'}""","@Used_To_Be_GOP Yet, it's a them and not a you problem?

You sound mentally ill.",Used_To_Be_GOP,,topic_diversified,2026-02-17 12:12:19.135327
240,2024-08-15,reply,democrat,en,0,0,0,0,"@realDonaldTrump Do you realize Donald Trump got just as many votes in this years Democratic Primary as Kamala Harris did.
Strange, isn't it.",[],1824206691224670464,False,False,https://twitter.com/BarryRucker6/status/1824206691224670362,"""{'id': 1477481336428539907, 'id_str': '1477481336428539907', 'url': 'https://twitter.com/Barry Rock', 'username': 'Barry Rock', 'rawDescription': 'US Army Officer  Captain, USA Retired        \\nBA in Information Systems Management \\n...\\nVery happily married.  \ud83d\ude0a', 'created': datetime.datetime(2022, 1, 2, 3, 26, 44, tzinfo=datetime.timezone.utc), 'followersCount': 236, 'friendsCount': 96, 'statusesCount': 12934, 'favouritesCount': 4448, 'listedCount': 0, 'mediaCount': 5454, 'location': 'Central, KY', 'profileImageUrl': 'https://pbs.twimg.com/profile_images/1739728120591040512/bor02J-V_normal.jpg', 'profileBannerUrl': 'PW', 'protected': 'PW', 'verified': False, 'blue': False, 'blueType': None, 'descriptionLinks': ['PW'], '_type': 'PW'}""","@realDonaldTrump Do you realize Donald Trump got just as many votes in this years Democratic Primary as Kamala Harris did.
Strange, isn't it.",realDonaldTrump,,topic_diversified,2026-02-17 12:12:19.135327
479,2024-08-10,reply,neutral,en,81,1,7,0,@Rainmaker1973 Twerking 2028. https://t.co/l8DOZHsojW,[],1822310765145048064,False,False,https://twitter.com/Maga4Justice/status/1822310765145047367,"""{'id': 929912597519925248, 'id_str': '929912597519925248', 'url': 'https://twitter.com/Midwest Iowa girl', 'username': 'Midwest Iowa girl', 'rawDescription': '\u2764\ufe0f #married 26 yr USMC brat. Semper Fi. I tweet stocks and politics, I am a conservative.', 'created': datetime.datetime(2017, 11, 13, 3, 23, 34, tzinfo=datetime.timezone.utc), 'followersCount': 26517, 'friendsCount': 19789, 'statusesCount': 244971, 'favouritesCount': 208664, 'listedCount': 27, 'mediaCount': 9687, 'location': 'Fly Over Country. ', 'profileImageUrl': 'https://pbs.twimg.com/profile_images/1745984311080185856/jCTM42KB_normal.jpg', 'profileBannerUrl': 'PW', 'protected': 'PW', 'verified': False, 'blue': True, 'blueType': None, 'descriptionLinks': ['PW'], '_type': 'PW'}""",@Rainmaker1973 Twerking 2028. https://t.co/l8DOZHsojW,Rainmaker1973,,topic_diversified,2026-02-17 12:12:19.135327
79,2024-08-19,reply,republican,en,0,0,0,0,@atensnut No that's what they performed on Donald Trump after his fifth scourge child,[],1825348385215217920,False,False,https://twitter.com/KarenWelch74565/status/1825348385215218017,"""{'id': 1638283120649687073, 'id_str': '1638283120649687073', 'url': 'https://twitter.com/Karen Welch', 'username': 'Karen Welch', 'rawDescription': '', 'created': datetime.datetime(2023, 3, 21, 20, 55, 45, tzinfo=datetime.timezone.utc), 'followersCount': 317, 'friendsCount': 114, 'statusesCount': 3136, 'favouritesCount': 6997, 'listedCount': 2, 'mediaCount': 2, 'location': 'Orono, ME', 'profileImageUrl': 'https://pbs.twimg.com/profile_images/1638283276166090760/At62rAzS_normal.jpg', 'profileBannerUrl': 'PW', 'protected': 'PW', 'verified': False, 'blue': False, 'blueType': None, 'descriptionLinks': ['PW'], '_type': 'PW'}""",@atensnut No that's what they performed on Donald Trump after his fifth scourge child,atensnut,,topic_diversified,2026-02-17 12:12:19.135327
448,2024-08-12,reply,neutral,en,0,0,0,0,@bruce_steiner No. Trump didn't rape anyone. Now Biden showered with his daughter. Ask Tara Reide how he sexually assaulted her. Back then..she didn't wait to lie for 35 years until he ran for President.,[],1823096150083399936,False,False,https://twitter.com/AZsnap63/status/1823096150083399899,"""{'id': 1347619234545717249, 'id_str': '1347619234545717249', 'url': 'https://twitter.com/Ginger', 'username': 'Ginger', 'rawDescription': 'I am a Patriot! I am an Actress! A Grandmother and friend.', 'created': datetime.datetime(2021, 1, 8, 19, 1, 17, tzinfo=datetime.timezone.utc), 'followersCount': 14, 'friendsCount': 102, 'statusesCount': 886, 'favouritesCount': 18, 'listedCount': 0, 'mediaCount': 55, 'location': '', 'profileImageUrl': 'https://pbs.twimg.com/profile_images/1347737841137172480/yhriD79a_normal.jpg', 'profileBannerUrl': 'PW', 'protected': 'PW', 'verified': False, 'blue': False, 'blueType': None, 'descriptionLinks': ['PW'], '_type': 'PW'}""",@bruce_steiner No. Trump didn't rape anyone. Now Biden showered with his daughter. Ask Tara Reide how he sexually assaulted her. Back then..she didn't wait to lie for 35 years until he ran for President.,bruce_steiner,,topic_diversified,2026-02-17 12:12:19.135327
429,2024-08-20,reply,neutral,en,0,0,2,0,"@CaptainMorganTN @shaunmm2k @KeneAkers Incorrect, only half the address was there. There was another man same name, who was registered democrat. So unlikely as your guy was a republican.  Nice try though. We all know it was all fake anyway. Your guy was trying to rouse up his base. The rest of the world doesn’t care",[],1825686932325814272,False,False,https://twitter.com/ELGOPStopper/status/1825686932325814354,"""{'id': 1627429437271572481, 'id_str': '1627429437271572481', 'url': 'https://twitter.com/Everlasting GOP Stopper', 'username': 'Everlasting GOP Stopper', 'rawDescription': '\ud83c\uddfa\ud83c\udde6\ud83c\udff3\ufe0f\\u200d\ud83c\udf08\ud83c\udf7b\ud83e\udd43', 'created': datetime.datetime(2023, 2, 19, 22, 6, 55, tzinfo=datetime.timezone.utc), 'followersCount': 31, 'friendsCount': 45, 'statusesCount': 3379, 'favouritesCount': 343, 'listedCount': 3, 'mediaCount': 989, 'location': 'Oregon, USA', 'profileImageUrl': 'https://pbs.twimg.com/profile_images/1688198885955776512/w97Bk-T-_normal.jpg', 'profileBannerUrl': 'PW', 'protected': 'PW', 'verified': False, 'blue': False, 'blueType': None, 'descriptionLinks': ['PW'], '_type': 'PW'}""","@CaptainMorganTN @shaunmm2k @KeneAkers Incorrect, only half the address was there. There was another man same name, who was registered democrat. So unlikely as your guy was a republican.  Nice try though. We all know it was all fake anyway. Your guy was trying to rouse up his base. The rest of the world doesn’t care",CaptainMorganTN,,topic_diversified,2026-02-17 12:12:19.135327
