row_id,tweet_id,date,post_type,language,like_count,retweet_count,reply_count,text,raw_content,hashtags,retweeted_tweet,quoted_tweet,url,user,dataset_split,sampling_strategy,sampled_at
1,1801621346213822526,2024-06-14,reply,en,2153,526,75,"Postcard Party: 

The Delaware County (PA) GOP wrote over 200 postcards to independent voters to get them to switch to Republican. 

I can personally attest that we‚Äôve seen an explosion of activism in Chester, Delaware, Montgomery, &amp; Philly.

Great job, @MDStrawPSU.

üëè https://t.co/6w0pDLcYHx","Postcard Party: 

The Delaware County (PA) GOP wrote over 200 postcards to independent voters to get them to switch to Republican. 

I can personally attest that we‚Äôve seen an explosion of activism in Chester, Delaware, Montgomery, &amp; Philly.

Great job, @MDStrawPSU.

üëè https://t.co/6w0pDLcYHx",[],False,False,https://twitter.com/ScottPresler/status/1801621346213822526,"""{'id': 931286316, 'id_str': '931286316', 'url': 'https://twitter.com/ThePersistence', 'username': 'ThePersistence', 'rawDescription': 'I helped defeat Hillary, Cheney, & organized the Baltimore cleanup. My goal is to re-elect President Trump. Check out \u27a1\ufe0f @EarlyVoteAction     MAGA \ud83e\udd1d MAHA', 'created': datetime.datetime(2012, 11, 7, 5, 23, 7, tzinfo=datetime.timezone.utc), 'followersCount': 1661102, 'friendsCount': 55856, 'statusesCount': 133315, 'favouritesCount': 509815, 'listedCount': 4095, 'mediaCount': 14953, 'location': 'Make Kindness Cool Again', 'profileImageUrl': 'https://pbs.twimg.com/profile_images/1321124227215491072/pIC0lG5M_normal.jpg', 'profileBannerUrl': 'PW', 'protected': 'PW', 'verified': False, 'blue': True, 'blueType': None, 'descriptionLinks': ['PW'], '_type': 'PW'}""",,stratified_type_engagement,2026-02-15 20:41:41.818511
2,1801524268179607959,2024-06-14,reply,en,2801,1734,54,"Israel's war minister who just resigned says Netanyahu is blocking the ceasefire/hostage swap deal for political reasons

But Biden insists Hamas is the only obstacle to the ceasefire deal &amp; Netanyahu accepted the proposal

One of those 2 is knowingly lying. Guess who?ü§î https://t.co/GHFbvTcIgP","Israel's war minister who just resigned says Netanyahu is blocking the ceasefire/hostage swap deal for political reasons

But Biden insists Hamas is the only obstacle to the ceasefire deal &amp; Netanyahu accepted the proposal

One of those 2 is knowingly lying. Guess who?ü§î https://t.co/GHFbvTcIgP",[],False,False,https://twitter.com/muhammadshehad2/status/1801524268179607959,"""{'id': 2614351981, 'id_str': '2614351981', 'url': 'https://twitter.com/Muhammad Shehada', 'username': 'Muhammad Shehada', 'rawDescription': 'Chief of Comms @EuroMedHR | Gazan Writer & Analyst | Columnist @JDForward | Bylines in @Newsweek @AJEnglish, @Vice\u2026\\n\\nViews my own', 'created': datetime.datetime(2014, 7, 9, 22, 28, 46, tzinfo=datetime.timezone.utc), 'followersCount': 121257, 'friendsCount': 956, 'statusesCount': 6356, 'favouritesCount': 8654, 'listedCount': 1084, 'mediaCount': 2696, 'location': '', 'profileImageUrl': 'https://pbs.twimg.com/profile_images/1822321322824785920/-N4SvrXe_normal.jpg', 'profileBannerUrl': 'PW', 'protected': 'PW', 'verified': False, 'blue': True, 'blueType': None, 'descriptionLinks': ['PW'], '_type': 'PW'}""",,stratified_type_engagement,2026-02-15 20:41:41.818511
3,1801188225257447459,2024-06-13,reply,en,61,35,5,Clear out the Conservative‚Äôwets‚Äô and let the fight begin! Farage willing to lead merged Conservative-Reform party after election https://t.co/tSJxQ16Sca,Clear out the Conservative‚Äôwets‚Äô and let the fight begin! Farage willing to lead merged Conservative-Reform party after election https://t.co/tSJxQ16Sca,[],False,False,https://twitter.com/OhBrokenBritain/status/1801188225257447459,"""{'id': 976528424, 'id_str': '976528424', 'url': 'https://twitter.com/Rodka', 'username': 'Rodka', 'rawDescription': 'Author & Reform member. MPs of all persuasions have robbed this country of its fun, its pride, its heritage, its integrity and its culture. Its time for Reform.', 'created': datetime.datetime(2012, 11, 28, 16, 57, 46, tzinfo=datetime.timezone.utc), 'followersCount': 19367, 'friendsCount': 6757, 'statusesCount': 73004, 'favouritesCount': 283319, 'listedCount': 89, 'mediaCount': 1274, 'location': 'East, England', 'profileImageUrl': 'https://pbs.twimg.com/profile_images/1827631029575663616/h_TyiDpb_normal.jpg', 'profileBannerUrl': 'PW', 'protected': 'PW', 'verified': False, 'blue': False, 'blueType': None, 'descriptionLinks': ['PW'], '_type': 'PW'}""",,stratified_type_engagement,2026-02-15 20:41:41.818511
4,1801598935124873647,2024-06-14,reply,en,89,12,27,"It‚Äôs Flag üá∫üá∏ day today. Wouldn‚Äôt it be great if America had a month to celebrate it?

Quote Post a picture of an American Flag if you have one. https://t.co/2CtyiQc53Q","It‚Äôs Flag üá∫üá∏ day today. Wouldn‚Äôt it be great if America had a month to celebrate it?

Quote Post a picture of an American Flag if you have one. https://t.co/2CtyiQc53Q",[],False,False,https://twitter.com/MAGAWoodworker/status/1801598935124873647,"""{'id': 1206753515109933056, 'id_str': '1206753515109933056', 'url': 'https://twitter.com/David', 'username': 'David', 'rawDescription': 'God, Family & Country\ud83c\uddfa\ud83c\uddf8 Woodworker, Classic Cars & Motorcycles, Hiking & Camping, Retired LEO 31 yrs, \u2018I\u2019ve seen some things & done some stuff\u2019', 'created': datetime.datetime(2019, 12, 17, 1, 51, 7, tzinfo=datetime.timezone.utc), 'followersCount': 14079, 'friendsCount': 6409, 'statusesCount': 255405, 'favouritesCount': 353270, 'listedCount': 7, 'mediaCount': 16070, 'location': 'So. Cal.', 'profileImageUrl': 'https://pbs.twimg.com/profile_images/1740031609074765824/nAViRTLN_normal.jpg', 'profileBannerUrl': 'PW', 'protected': 'PW', 'verified': False, 'blue': False, 'blueType': None, 'descriptionLinks': ['PW'], '_type': 'PW'}""",,stratified_type_engagement,2026-02-15 20:41:41.818511
5,1801762901314965993,2024-06-14,reply,en,311,16,410,"If Biden did this, Republicans would blame him for adding to the national debt. 

With that said I support this.","If Biden did this, Republicans would blame him for adding to the national debt. 

With that said I support this.",[],False,True,https://twitter.com/EdKrassen/status/1801762901314965993,"""{'id': 132339474, 'id_str': '132339474', 'url': 'https://twitter.com/Ed Krassenstein', 'username': 'Ed Krassenstein', 'rawDescription': 'Crypto & AI futurist. Political Commentator. Creator of @KrassenCast. Subscribe for additional content. Follow my twin: @Krassenstein.', 'created': datetime.datetime(2010, 4, 13, 0, 0, 13, tzinfo=datetime.timezone.utc), 'followersCount': 1059078, 'friendsCount': 568671, 'statusesCount': 83453, 'favouritesCount': 46154, 'listedCount': 7699, 'mediaCount': 7052, 'location': 'Fort Myers, FL', 'profileImageUrl': 'https://pbs.twimg.com/profile_images/1700155431757193216/4iMzq_Tk_normal.jpg', 'profileBannerUrl': 'PW', 'protected': 'PW', 'verified': False, 'blue': True, 'blueType': None, 'descriptionLinks': ['PW'], '_type': 'PW'}""",,stratified_type_engagement,2026-02-15 20:41:41.818511
6,1801315436048662533,2024-06-13,reply,en,2120,560,512,".@MayorMKE reacts to former President Trump describing Milwaukee as ""horrible"":

""Donald Trump wants to talk about things that he thinks are horrible; all of us lived through his presidency, so right back at you, buddy...it's kind of unhinged in a way."" https://t.co/lfO9wTc5S5",".@MayorMKE reacts to former President Trump describing Milwaukee as ""horrible"":

""Donald Trump wants to talk about things that he thinks are horrible; all of us lived through his presidency, so right back at you, buddy...it's kind of unhinged in a way."" https://t.co/lfO9wTc5S5",[],False,False,https://twitter.com/AJBayatpour/status/1801315436048662533,"""{'id': 17513245, 'id_str': '17513245', 'url': 'https://twitter.com/A.J. Bayatpour', 'username': 'A.J. Bayatpour', 'rawDescription': 'Cutter of Italian meats & reporter for @CBS58 Milwaukee. Direct storytelling? Yes. Dutiful stenography? Nah. Chicago-raised, #MizzouMade, but Wisconsin is home.', 'created': datetime.datetime(2008, 11, 20, 15, 26, 13, tzinfo=datetime.timezone.utc), 'followersCount': 8658, 'friendsCount': 2503, 'statusesCount': 21119, 'favouritesCount': 11876, 'listedCount': 233, 'mediaCount': 3218, 'location': 'Milwaukee, WI', 'profileImageUrl': 'https://pbs.twimg.com/profile_images/1639394864285597702/_Z8pFqqT_normal.jpg', 'profileBannerUrl': 'PW', 'protected': 'PW', 'verified': False, 'blue': False, 'blueType': None, 'descriptionLinks': ['PW'], '_type': 'PW'}""",,stratified_type_engagement,2026-02-15 20:41:41.818511
7,1801024474474524955,2024-06-12,reply,en,147,20,96,Biden wants to accept crypto donations now https://t.co/o1H2bFmU7x,Biden wants to accept crypto donations now https://t.co/o1H2bFmU7x,[],False,False,https://twitter.com/3orovik/status/1801024474474524955,"""{'id': 1373786106118963200, 'id_str': '1373786106118963200', 'url': 'https://twitter.com/borovik', 'username': 'borovik', 'rawDescription': 'Partners: @rollbitcom @basexfun = paid content| https://t.co/0tDYW16UKo | worst trader alive & shitposter | read disclaimer: https://t.co/WnIy0amXtO | 789 everydays', 'created': datetime.datetime(2021, 3, 21, 23, 59, 14, tzinfo=datetime.timezone.utc), 'followersCount': 203179, 'friendsCount': 2601, 'statusesCount': 105893, 'favouritesCount': 246879, 'listedCount': 1383, 'mediaCount': 14232, 'location': '\ud83e\udd87\ud83d\udd0a my tweets are comedy. NFA', 'profileImageUrl': 'https://pbs.twimg.com/profile_images/1602013001275432961/fPt7sb1f_normal.png', 'profileBannerUrl': 'PW', 'protected': 'PW', 'verified': False, 'blue': True, 'blueType': None, 'descriptionLinks': ['PW'], '_type': 'PW'}""",,stratified_type_engagement,2026-02-15 20:41:41.818511
8,1800987676348239996,2024-06-12,reply,en,135,55,7,#DeadlineWH I disagree that both presidential candidates are deeply unlikeable. I think character is important and I believe that Joe Biden truly cares about people. Mara Gay is muted. https://t.co/xtoB5vqioJ,#DeadlineWH I disagree that both presidential candidates are deeply unlikeable. I think character is important and I believe that Joe Biden truly cares about people. Mara Gay is muted. https://t.co/xtoB5vqioJ,[],False,False,https://twitter.com/bannerite/status/1800987676348239996,"""{'id': 19088288, 'id_str': '19088288', 'url': 'https://twitter.com/Pat Fuller \ud83d\udc1d#TeamKamala #NoKingVoteDem \ud83d\udfe7\ud83d\udfe6\u262e\ufe0f', 'username': 'Pat Fuller \ud83d\udc1d#TeamKamala #NoKingVoteDem \ud83d\udfe7\ud83d\udfe6\u262e\ufe0f', 'rawDescription': '#EqualityAndEquity4All #AntiRacist #ACLU Retired counselor #wtpBLUE #GoodTrouble #SlavaUkraini #KamalaHarris24', 'created': datetime.datetime(2009, 1, 16, 22, 15, 51, tzinfo=datetime.timezone.utc), 'followersCount': 103179, 'friendsCount': 78716, 'statusesCount': 1337537, 'favouritesCount': 235042, 'listedCount': 776, 'mediaCount': 40693, 'location': 'Illinois, USA', 'profileImageUrl': 'https://pbs.twimg.com/profile_images/1824868644955856898/WoZbns6c_normal.jpg', 'profileBannerUrl': 'PW', 'protected': 'PW', 'verified': False, 'blue': False, 'blueType': None, 'descriptionLinks': ['PW'], '_type': 'PW'}""",,stratified_type_engagement,2026-02-15 20:41:41.818511
9,1800956142475993233,2024-06-12,reply,en,130,38,6,"Jimmy Levy is a true patriot dedicated to President Trump and MAGA and one of the kindest and most loyal friends I have in the movement. 

Over the years, I‚Äôve watched many of the usual suspects who claim to be so-called patriots exploit him and worse. 

He‚Äôs spot on when he says https://t.co/PjolKe4H8A","Jimmy Levy is a true patriot dedicated to President Trump and MAGA and one of the kindest and most loyal friends I have in the movement. 

Over the years, I‚Äôve watched many of the usual suspects who claim to be so-called patriots exploit him and worse. 

He‚Äôs spot on when he says https://t.co/PjolKe4H8A",[],False,True,https://twitter.com/LizCrokin/status/1800956142475993233,"""{'id': 18279320, 'id_str': '18279320', 'url': 'https://twitter.com/LIZ CROKIN', 'username': 'LIZ CROKIN', 'rawDescription': 'Award-winning author -  journalist for 25+ years - Out Of Shadows & Slave Princess - Pizzagate is real - Blacklisted by @elonmusk Pronouns: I/Told/You/So', 'created': datetime.datetime(2008, 12, 21, 4, 47, 30, tzinfo=datetime.timezone.utc), 'followersCount': 412603, 'friendsCount': 3086, 'statusesCount': 40063, 'favouritesCount': 103501, 'listedCount': 1256, 'mediaCount': 3653, 'location': 'Earth', 'profileImageUrl': 'https://pbs.twimg.com/profile_images/1626499023292055554/cSHYyNhG_normal.jpg', 'profileBannerUrl': 'PW', 'protected': 'PW', 'verified': False, 'blue': True, 'blueType': None, 'descriptionLinks': ['PW'], '_type': 'PW'}""",,stratified_type_engagement,2026-02-15 20:41:41.818511
10,1801222486668779847,2024-06-13,reply,en,91,79,8,"MAGA family values. 
MAGA make fun of Hunter‚Äôs addiction, criticize the love of the Biden‚Äôs. Thomas washes his hands of the kid he ‚Äúraised‚Äù w/Crow‚Äôs help #DemsUnited 
Clarence Thomas' Grandnephew, Whom the Justice Raised As a Son, Jailed - Business Insider https://t.co/19SioipvLw","MAGA family values. 
MAGA make fun of Hunter‚Äôs addiction, criticize the love of the Biden‚Äôs. Thomas washes his hands of the kid he ‚Äúraised‚Äù w/Crow‚Äôs help #DemsUnited 
Clarence Thomas' Grandnephew, Whom the Justice Raised As a Son, Jailed - Business Insider https://t.co/19SioipvLw",[],False,False,https://twitter.com/LqLana/status/1801222486668779847,"""{'id': 1514803698, 'id_str': '1514803698', 'url': 'https://twitter.com/LanaQuest aka RosaSparks', 'username': 'LanaQuest aka RosaSparks', 'rawDescription': 'Host of YouTube\u2019s The Quest Show - highlighting Dem candidates & news that matters #TheQuestShow #DemsUnited (co-founder)', 'created': datetime.datetime(2013, 6, 14, 0, 21, 37, tzinfo=datetime.timezone.utc), 'followersCount': 84121, 'friendsCount': 55456, 'statusesCount': 203827, 'favouritesCount': 242077, 'listedCount': 43, 'mediaCount': 9103, 'location': 'USA', 'profileImageUrl': 'https://pbs.twimg.com/profile_images/1722227843256778752/MbaIzc7y_normal.jpg', 'profileBannerUrl': 'PW', 'protected': 'PW', 'verified': False, 'blue': True, 'blueType': None, 'descriptionLinks': ['PW'], '_type': 'PW'}""",,stratified_type_engagement,2026-02-15 20:41:41.818511
11,1801232416134123534,2024-06-13,reply,en,52,2,1,"@cbouzy 538 gives President Biden a 53% chance of winning. How much did ex President ""I rig polls""  Trump pay for this foolishnessüòÇ","@cbouzy 538 gives President Biden a 53% chance of winning. How much did ex President ""I rig polls""  Trump pay for this foolishnessüòÇ",[],False,False,https://twitter.com/MsTrixieRVA/status/1801232416134123534,"""{'id': 1322278947476828160, 'id_str': '1322278947476828160', 'url': 'https://twitter.com/Trixie- I \u2615 \u270f\ufe0f\ud83d\udcdd teach!', 'username': 'Trixie- I \u2615 \u270f\ufe0f\ud83d\udcdd teach!', 'rawDescription': 'No act of kindness, no matter how small, is ever  wasted-Aesop\\nAnimal lover\ud83d\udc3e\\nCertified Special Education Teacher \\n#VenezuelaLibre\u2764\ufe0f', 'created': datetime.datetime(2020, 10, 30, 20, 56, 22, tzinfo=datetime.timezone.utc), 'followersCount': 2619, 'friendsCount': 2489, 'statusesCount': 39812, 'favouritesCount': 50256, 'listedCount': 6, 'mediaCount': 3474, 'location': 'East Coast', 'profileImageUrl': 'https://pbs.twimg.com/profile_images/1816432400659869696/5gKsFoJI_normal.jpg', 'profileBannerUrl': 'PW', 'protected': 'PW', 'verified': False, 'blue': True, 'blueType': None, 'descriptionLinks': ['PW'], '_type': 'PW'}""",,stratified_type_engagement,2026-02-15 20:41:41.818511
12,1801062179254239398,2024-06-13,reply,en,10737,3294,3837,"üö®BREAKING:  Hollywood legend Jon Voight just called the Biden Administration a corrupt mob.

What's your reaction? https://t.co/qYv6KbaVGu","üö®BREAKING:  Hollywood legend Jon Voight just called the Biden Administration a corrupt mob.

What's your reaction? https://t.co/qYv6KbaVGu",[],False,False,https://twitter.com/PamelaHensley22/status/1801062179254239398,"""{'id': 1494528299518803976, 'id_str': '1494528299518803976', 'url': 'https://twitter.com/PAMELA HENSLEY\ud83c\uddfa\ud83c\uddf8', 'username': 'PAMELA HENSLEY\ud83c\uddfa\ud83c\uddf8', 'rawDescription': \""I'm a Cali conservative among a sea of WOKE idiots.\"", 'created': datetime.datetime(2022, 2, 18, 4, 24, 56, tzinfo=datetime.timezone.utc), 'followersCount': 174899, 'friendsCount': 11013, 'statusesCount': 6021, 'favouritesCount': 50836, 'listedCount': 242, 'mediaCount': 1233, 'location': 'Southern California', 'profileImageUrl': 'https://pbs.twimg.com/profile_images/1728940472847003648/xPPahkks_normal.jpg', 'profileBannerUrl': 'PW', 'protected': 'PW', 'verified': False, 'blue': True, 'blueType': None, 'descriptionLinks': ['PW'], '_type': 'PW'}""",,stratified_type_engagement,2026-02-15 20:41:41.818511
13,1800945481696125401,2024-06-12,reply,en,172,24,21,Joe Biden is very concerned about how this will affect the climate.,Joe Biden is very concerned about how this will affect the climate.,[],False,True,https://twitter.com/GerryCallahan/status/1800945481696125401,"""{'id': 202643200, 'id_str': '202643200', 'url': 'https://twitter.com/Gerry Callahan', 'username': 'Gerry Callahan', 'rawDescription': \""Host @TheCallahanshow. @Newsmax guy. Formerly @SInow, @BostonHerald. Kicked off the radio for saying it's crazy to try to change the sex of a 4-year-old child.\"", 'created': datetime.datetime(2010, 10, 14, 14, 16, 2, tzinfo=datetime.timezone.utc), 'followersCount': 99358, 'friendsCount': 801, 'statusesCount': 72683, 'favouritesCount': 15430, 'listedCount': 606, 'mediaCount': 977, 'location': 'Boston, MA', 'profileImageUrl': 'https://pbs.twimg.com/profile_images/1335347036691058688/FpND6iwY_normal.jpg', 'profileBannerUrl': 'PW', 'protected': 'PW', 'verified': False, 'blue': True, 'blueType': None, 'descriptionLinks': ['PW'], '_type': 'PW'}""",,stratified_type_engagement,2026-02-15 20:41:41.818511
14,1801598257602216184,2024-06-14,reply,en,1855,818,201,"This is how Italy is covering Joe Biden. The headline reads: ""Long pauses, eyes closed, weak voice: Biden and new doubts about health, at the G7""

The world is laughing at us. https://t.co/kBBuzLJlEP","This is how Italy is covering Joe Biden. The headline reads: ""Long pauses, eyes closed, weak voice: Biden and new doubts about health, at the G7""

The world is laughing at us. https://t.co/kBBuzLJlEP",[],False,False,https://twitter.com/MAGAIncWarRoom/status/1801598257602216184,"""{'id': 1591834567207522305, 'id_str': '1591834567207522305', 'url': 'https://twitter.com/MAGA War Room', 'username': 'MAGA War Room', 'rawDescription': 'Managed by Make America Great Again Inc', 'created': datetime.datetime(2022, 11, 13, 16, 45, 31, tzinfo=datetime.timezone.utc), 'followersCount': 262784, 'friendsCount': 184, 'statusesCount': 24109, 'favouritesCount': 296, 'listedCount': 753, 'mediaCount': 4613, 'location': '', 'profileImageUrl': 'https://pbs.twimg.com/profile_images/1592127413219217408/-VpEs9Ql_normal.jpg', 'profileBannerUrl': 'PW', 'protected': 'PW', 'verified': False, 'blue': True, 'blueType': None, 'descriptionLinks': ['PW'], '_type': 'PW'}""",,stratified_type_engagement,2026-02-15 20:41:41.818511
15,1801707520819663157,2024-06-14,reply,en,518,214,30,"Hakeem Jeffries: ‚ÄúIt was shameful and a complete embarrassment that my extreme MAGA Republican colleagues decided to welcome the insurrectionist and chief back to the Capitol as a conquering hero not someone who lied about the 2020 presidential election‚Ä¶

https://t.co/iQSBh3vlet","Hakeem Jeffries: ‚ÄúIt was shameful and a complete embarrassment that my extreme MAGA Republican colleagues decided to welcome the insurrectionist and chief back to the Capitol as a conquering hero not someone who lied about the 2020 presidential election‚Ä¶

https://t.co/iQSBh3vlet",[],False,False,https://twitter.com/LiddleSavages/status/1801707520819663157,"""{'id': 243968556, 'id_str': '243968556', 'url': 'https://twitter.com/IT\u2019S TIME FOR JUSTICE', 'username': 'IT\u2019S TIME FOR JUSTICE', 'rawDescription': 'Just a woman locked in her own bathroom (lost somewhere in a book)appetite for all things BAD FOR YOU tequila, cupcakes, chocolate, 5in heels... 21+ #Resistance', 'created': datetime.datetime(2011, 1, 28, 5, 58, 31, tzinfo=datetime.timezone.utc), 'followersCount': 5334, 'friendsCount': 1829, 'statusesCount': 235949, 'favouritesCount': 128001, 'listedCount': 104, 'mediaCount': 60873, 'location': 'Pressing you against the pages', 'profileImageUrl': 'https://pbs.twimg.com/profile_images/1742593127611809792/f9xH1uRW_normal.jpg', 'profileBannerUrl': 'PW', 'protected': 'PW', 'verified': False, 'blue': False, 'blueType': None, 'descriptionLinks': ['PW'], '_type': 'PW'}""",,stratified_type_engagement,2026-02-15 20:41:41.818511
16,1801311927517516255,2024-06-13,reply,en,0,0,0,@JustinTrudeau @GiorgiaMeloni The deep state is trying to destroy our countries-destroying the economy-creating war-Trudeau/Biden etc are sending all sorts of money to Ukraine as it is their money laundering operations-why-because they hate we the people &amp; won‚Äôt use the borrowed taxpayers money to help us,@JustinTrudeau @GiorgiaMeloni The deep state is trying to destroy our countries-destroying the economy-creating war-Trudeau/Biden etc are sending all sorts of money to Ukraine as it is their money laundering operations-why-because they hate we the people &amp; won‚Äôt use the borrowed taxpayers money to help us,[],False,False,https://twitter.com/TheWatchmanQ17/status/1801311927517516255,"""{'id': 1594167029858435074, 'id_str': '1594167029858435074', 'url': 'https://twitter.com/Eugene Joseph', 'username': 'Eugene Joseph', 'rawDescription': 'Catholic Christian 42yrs in 12 Step Program-prayer-meditation, weightlifting, trapshooting, Journaling & A.A. recovery email messages angelgabrielQ17@proton.me', 'created': datetime.datetime(2022, 11, 20, 3, 14, 52, tzinfo=datetime.timezone.utc), 'followersCount': 412, 'friendsCount': 1137, 'statusesCount': 11754, 'favouritesCount': 4320, 'listedCount': 1, 'mediaCount': 1373, 'location': 'Powell River, British Columbia', 'profileImageUrl': 'https://pbs.twimg.com/profile_images/1686210008353226752/-kfMg5Op_normal.jpg', 'profileBannerUrl': 'PW', 'protected': 'PW', 'verified': False, 'blue': False, 'blueType': None, 'descriptionLinks': ['PW'], '_type': 'PW'}""",,stratified_type_engagement,2026-02-15 20:41:41.818511
17,1801655025602617470,2024-06-14,reply,en,1,1,0,"@Acyn He cares ONLY about making money &amp; having power to do so!  Once you realize that, you can predict &amp; explain his actions. That's why he tried to kick millions off health insurance in the middle of a pandemic &amp; why he tried to kick millions of elderly off Meals on Wheels! #VoteBlue","@Acyn He cares ONLY about making money &amp; having power to do so!  Once you realize that, you can predict &amp; explain his actions. That's why he tried to kick millions off health insurance in the middle of a pandemic &amp; why he tried to kick millions of elderly off Meals on Wheels! #VoteBlue",[],False,False,https://twitter.com/GOPCheated/status/1801655025602617470,"""{'id': 796730210104344576, 'id_str': '796730210104344576', 'url': 'https://twitter.com/Harris Walz 2024 Vote Blue', 'username': 'Harris Walz 2024 Vote Blue', 'rawDescription': 'Awesome VP choice!  Harris Walz 2024. Vote Blue!', 'created': datetime.datetime(2016, 11, 10, 15, 4, 19, tzinfo=datetime.timezone.utc), 'followersCount': 4213, 'friendsCount': 5915, 'statusesCount': 30520, 'favouritesCount': 33150, 'listedCount': 4, 'mediaCount': 1097, 'location': '', 'profileImageUrl': 'https://pbs.twimg.com/profile_images/1816327144613494784/U9U8EWyw_normal.jpg', 'profileBannerUrl': 'PW', 'protected': 'PW', 'verified': False, 'blue': True, 'blueType': None, 'descriptionLinks': ['PW'], '_type': 'PW'}""",,stratified_type_engagement,2026-02-15 20:41:41.818511
18,1801055345206235281,2024-06-13,reply,en,22,1,6,"@BidensWins Biden has Hollywood and famous people, Trump has hardworking blue collar everyday Americans.","@BidensWins Biden has Hollywood and famous people, Trump has hardworking blue collar everyday Americans.",[],False,False,https://twitter.com/Craftmastah/status/1801055345206235281,"""{'id': 2894032402, 'id_str': '2894032402', 'url': 'https://twitter.com/Righteous\u26a1\ufe0fCrusader', 'username': 'Righteous\u26a1\ufe0fCrusader', 'rawDescription': 'Christian, conservative, normal, sane, rational \u2014just everything the Left isn\u2019t. Fighting the good fight against Godless Commies. Pronouns: I WISH/YOU WOULD\ud83d\udeabDM', 'created': datetime.datetime(2014, 11, 27, 0, 16, 50, tzinfo=datetime.timezone.utc), 'followersCount': 34357, 'friendsCount': 18208, 'statusesCount': 120381, 'favouritesCount': 125418, 'listedCount': 168, 'mediaCount': 2483, 'location': 'Tri-State', 'profileImageUrl': 'https://pbs.twimg.com/profile_images/1612277114081869824/UeGSMxnz_normal.jpg', 'profileBannerUrl': 'PW', 'protected': 'PW', 'verified': False, 'blue': True, 'blueType': None, 'descriptionLinks': ['PW'], '_type': 'PW'}""",,stratified_type_engagement,2026-02-15 20:41:41.818511
19,1800859872818508034,2024-06-12,reply,en,0,0,0,@LauraLoomer ‚ÄúConvicted felon 34 times‚Äù DONALD TRUMP.,@LauraLoomer ‚ÄúConvicted felon 34 times‚Äù DONALD TRUMP.,[],False,False,https://twitter.com/culla37/status/1800859872818508034,"""{'id': 534616258, 'id_str': '534616258', 'url': 'https://twitter.com/culla.', 'username': 'culla.', 'rawDescription': '', 'created': datetime.datetime(2012, 3, 23, 18, 52, 32, tzinfo=datetime.timezone.utc), 'followersCount': 15, 'friendsCount': 41, 'statusesCount': 3560, 'favouritesCount': 104, 'listedCount': 0, 'mediaCount': 1, 'location': '', 'profileImageUrl': 'https://pbs.twimg.com/profile_images/1969154652/Cobourg-20111031-00074_normal.jpg', 'profileBannerUrl': 'PW', 'protected': 'PW', 'verified': False, 'blue': False, 'blueType': None, 'descriptionLinks': ['PW'], '_type': 'PW'}""",,stratified_type_engagement,2026-02-15 20:41:41.818511
20,1801398183307722958,2024-06-13,reply,en,0,0,0,@covertress Perhaps because Biden's mask is literally slipping on camera.,@covertress Perhaps because Biden's mask is literally slipping on camera.,[],False,False,https://twitter.com/badbroadcastco/status/1801398183307722958,"""{'id': 2497098931, 'id_str': '2497098931', 'url': 'https://twitter.com/Bee', 'username': 'Bee', 'rawDescription': 'Lies, Spies and Apple Pies', 'created': datetime.datetime(2014, 5, 15, 20, 18, 49, tzinfo=datetime.timezone.utc), 'followersCount': 217, 'friendsCount': 430, 'statusesCount': 8910, 'favouritesCount': 25359, 'listedCount': 3, 'mediaCount': 1731, 'location': 'Scotland, United Kingdom', 'profileImageUrl': 'https://pbs.twimg.com/profile_images/1775499940225069056/y5C6FYpo_normal.jpg', 'profileBannerUrl': 'PW', 'protected': 'PW', 'verified': False, 'blue': False, 'blueType': None, 'descriptionLinks': ['PW'], '_type': 'PW'}""",,stratified_type_engagement,2026-02-15 20:41:41.818511
21,1800769633781477472,2024-06-12,reply,en,0,0,0,@simonateba Bullshit just like the media and Biden,@simonateba Bullshit just like the media and Biden,[],False,False,https://twitter.com/Leon0lion79/status/1800769633781477472,"""{'id': 1656317070693265410, 'id_str': '1656317070693265410', 'url': 'https://twitter.com/leon lion', 'username': 'leon lion', 'rawDescription': '', 'created': datetime.datetime(2023, 5, 10, 15, 16, 16, tzinfo=datetime.timezone.utc), 'followersCount': 78, 'friendsCount': 137, 'statusesCount': 172, 'favouritesCount': 4800, 'listedCount': 0, 'mediaCount': 0, 'location': '', 'profileImageUrl': 'https://pbs.twimg.com/profile_images/1656317235730825219/jkD9ZFwe_normal.png', 'profileBannerUrl': 'PW', 'protected': 'PW', 'verified': False, 'blue': False, 'blueType': None, 'descriptionLinks': ['PW'], '_type': 'PW'}""",,stratified_type_engagement,2026-02-15 20:41:41.818511
22,1801319668743082401,2024-06-13,reply,en,1,0,1,"Astonishing. Throughout my entire life, it's been a absolute truism: farmers vote Conservative. Not these ones, not this time anyway.","Astonishing. Throughout my entire life, it's been a absolute truism: farmers vote Conservative. Not these ones, not this time anyway.",[],False,True,https://twitter.com/Paul_Convery/status/1801319668743082401,"""{'id': 79995734, 'id_str': '79995734', 'url': 'https://twitter.com/Paul Convery', 'username': 'Paul Convery', 'rawDescription': 'Husband; dad; Scot; Londoner; social & economic researcher; Islington Councillor; Labour since 1973. On BlueSky https://t.co/byYNKMZ3Vr', 'created': datetime.datetime(2009, 10, 5, 11, 10, 59, tzinfo=datetime.timezone.utc), 'followersCount': 2334, 'friendsCount': 183, 'statusesCount': 27983, 'favouritesCount': 8787, 'listedCount': 63, 'mediaCount': 2886, 'location': 'Islington, London', 'profileImageUrl': 'https://pbs.twimg.com/profile_images/1822930392078249984/a1CYSmwj_normal.jpg', 'profileBannerUrl': 'PW', 'protected': 'PW', 'verified': False, 'blue': False, 'blueType': None, 'descriptionLinks': ['PW'], '_type': 'PW'}""",,stratified_type_engagement,2026-02-15 20:41:41.818511
23,1801705726240338177,2024-06-14,reply,en,0,0,1,@jcm4ccc @ClayTravis @NBCNews should we ask the 51 former intel agencies that said the Post's story about Hunter Biden's laptop had all the hallmarks of russian disinformation?,@jcm4ccc @ClayTravis @NBCNews should we ask the 51 former intel agencies that said the Post's story about Hunter Biden's laptop had all the hallmarks of russian disinformation?,[],False,False,https://twitter.com/hackshiller/status/1801705726240338177,"""{'id': 265687814, 'id_str': '265687814', 'url': 'https://twitter.com/Joe Scaborough-Brazinski (parody)', 'username': 'Joe Scaborough-Brazinski (parody)', 'rawDescription': 'he/she. We hate you for your freedom.', 'created': datetime.datetime(2011, 3, 14, 0, 35, 2, tzinfo=datetime.timezone.utc), 'followersCount': 1624, 'friendsCount': 590, 'statusesCount': 24446, 'favouritesCount': 5585, 'listedCount': 12, 'mediaCount': 967, 'location': 'USSA', 'profileImageUrl': 'https://pbs.twimg.com/profile_images/1689817231826264065/093EmZu1_normal.jpg', 'profileBannerUrl': 'PW', 'protected': 'PW', 'verified': False, 'blue': True, 'blueType': None, 'descriptionLinks': ['PW'], '_type': 'PW'}""",,stratified_type_engagement,2026-02-15 20:41:41.818511
24,1801713416954122624,2024-06-14,reply,en,16,1,1,@OnlinePalEng Now tell us what disease or genetic condition this child suffered from? Clearly the mother and those in the background are not starved or dehydrated...,@OnlinePalEng Now tell us what disease or genetic condition this child suffered from? Clearly the mother and those in the background are not starved or dehydrated...,[],False,False,https://twitter.com/CensoredByMAGA/status/1801713416954122624,"""{'id': 1708016761524625408, 'id_str': '1708016761524625408', 'url': 'https://twitter.com/DannyGiuliani \ud83c\uddfa\ud83c\uddf8 \ud83c\uddee\ud83c\uddf1\ud83d\udc9b\ud83c\udf97\ufe0f\ud83c\uddfa\ud83c\udde6', 'username': 'DannyGiuliani \ud83c\uddfa\ud83c\uddf8 \ud83c\uddee\ud83c\uddf1\ud83d\udc9b\ud83c\udf97\ufe0f\ud83c\uddfa\ud83c\udde6', 'rawDescription': \""I am an \ud83c\uddfa\ud83c\uddf8 Jew, GenX & \u2764\ufe0f dogs. My sense of humor is whacked. I don't side with extremists on either end. Centrist trying to save both sides from Putin.\"", 'created': datetime.datetime(2023, 9, 30, 7, 11, 50, tzinfo=datetime.timezone.utc), 'followersCount': 796, 'friendsCount': 493, 'statusesCount': 18055, 'favouritesCount': 11731, 'listedCount': 0, 'mediaCount': 2611, 'location': 'Midwest America', 'profileImageUrl': 'https://pbs.twimg.com/profile_images/1731586806309666816/PlMPryov_normal.jpg', 'profileBannerUrl': 'PW', 'protected': 'PW', 'verified': False, 'blue': False, 'blueType': None, 'descriptionLinks': ['PW'], '_type': 'PW'}""",,stratified_type_engagement,2026-02-15 20:41:41.818511
25,1801058253519884394,2024-06-13,reply,en,0,0,0,When TF will Biden be held accountable ???,When TF will Biden be held accountable ???,[],False,True,https://twitter.com/Jimbo4881113333/status/1801058253519884394,"""{'id': 1686927980025565185, 'id_str': '1686927980025565185', 'url': 'https://twitter.com/JDinJersey', 'username': 'JDinJersey', 'rawDescription': 'Ukraine is a money laundering scheme. \\nHamas is a terrorist Org. \\nOur Border is still open\\n \ud83c\udfcc\ud83c\udffd \ud83c\udfcb \ud83c\uddfa\ud83c\uddf8\ud83c\uddee\ud83c\uddea', 'created': datetime.datetime(2023, 8, 3, 2, 32, 55, tzinfo=datetime.timezone.utc), 'followersCount': 714, 'friendsCount': 298, 'statusesCount': 23212, 'favouritesCount': 14224, 'listedCount': 1, 'mediaCount': 549, 'location': 'Jersey Shore United States', 'profileImageUrl': 'https://pbs.twimg.com/profile_images/1760102581475409920/aXczvygt_normal.jpg', 'profileBannerUrl': 'PW', 'protected': 'PW', 'verified': False, 'blue': False, 'blueType': None, 'descriptionLinks': ['PW'], '_type': 'PW'}""",,stratified_type_engagement,2026-02-15 20:41:41.818511
26,1800993386238804203,2024-06-12,reply,en,0,0,0,"Fort Worth Allows Latino Conservative Group to Hold 'Protect Kids' Event Criticizing LGBT, Pornography https://t.co/CdH7YGNYnD via @TheTexanNews","Fort Worth Allows Latino Conservative Group to Hold 'Protect Kids' Event Criticizing LGBT, Pornography https://t.co/CdH7YGNYnD via @TheTexanNews",[],False,False,https://twitter.com/3Tbone3/status/1800993386238804203,"""{'id': 619215615, 'id_str': '619215615', 'url': 'https://twitter.com/Angry Eagle', 'username': 'Angry Eagle', 'rawDescription': \""Independent conservative constitutionalist. Patriot. I'm the eagle. Admire me or fly with me but DON'T try to cage me!\"", 'created': datetime.datetime(2012, 6, 26, 14, 42, 34, tzinfo=datetime.timezone.utc), 'followersCount': 1483, 'friendsCount': 1847, 'statusesCount': 60998, 'favouritesCount': 79916, 'listedCount': 20, 'mediaCount': 623, 'location': 'Texas', 'profileImageUrl': 'https://pbs.twimg.com/profile_images/1360276365837238279/lVH-U55-_normal.jpg', 'profileBannerUrl': 'PW', 'protected': 'PW', 'verified': False, 'blue': True, 'blueType': None, 'descriptionLinks': ['PW'], '_type': 'PW'}""",,stratified_type_engagement,2026-02-15 20:41:41.818511
27,1800935413651230739,2024-06-12,reply,en,5,1,3,"@Jayecane I would guess around $130,000 without adding it all up.","@Jayecane I would guess around $130,000 without adding it all up.",[],False,False,https://twitter.com/digitalcraze/status/1800935413651230739,"""{'id': 20769084, 'id_str': '20769084', 'url': 'https://twitter.com/Digitalcrazy', 'username': 'Digitalcrazy', 'rawDescription': \""PROUD ARMY VETERAN!! PLEASE NO DM'S YOU WILL BE BLOCKED. I may upset you with my views. But I am ok with that.\\nLiberalism is a disease.!!!!\"", 'created': datetime.datetime(2009, 2, 13, 13, 19, 14, tzinfo=datetime.timezone.utc), 'followersCount': 9101, 'friendsCount': 8602, 'statusesCount': 29811, 'favouritesCount': 89809, 'listedCount': 20, 'mediaCount': 1821, 'location': '', 'profileImageUrl': 'https://pbs.twimg.com/profile_images/1757431895971835904/q8Qng_MM_normal.jpg', 'profileBannerUrl': 'PW', 'protected': 'PW', 'verified': False, 'blue': True, 'blueType': None, 'descriptionLinks': ['PW'], '_type': 'PW'}""",,stratified_type_engagement,2026-02-15 20:41:41.818511
28,1801013472047562886,2024-06-12,reply,en,0,0,0,@AsteadWH People are mad because you blatantly lied about Biden saying he would only serve one term lol,@AsteadWH People are mad because you blatantly lied about Biden saying he would only serve one term lol,[],False,False,https://twitter.com/Random897768351/status/1801013472047562886,"""{'id': 1580006312968355841, 'id_str': '1580006312968355841', 'url': 'https://twitter.com/The Mercurial Horace Greeley', 'username': 'The Mercurial Horace Greeley', 'rawDescription': '', 'created': datetime.datetime(2022, 10, 12, 1, 24, 9, tzinfo=datetime.timezone.utc), 'followersCount': 300, 'friendsCount': 140, 'statusesCount': 4085, 'favouritesCount': 115051, 'listedCount': 0, 'mediaCount': 2, 'location': '', 'profileImageUrl': 'https://pbs.twimg.com/profile_images/1653268191572013058/7D6znRT2_normal.jpg', 'profileBannerUrl': 'PW', 'protected': 'PW', 'verified': False, 'blue': False, 'blueType': None, 'descriptionLinks': ['PW'], '_type': 'PW'}""",,stratified_type_engagement,2026-02-15 20:41:41.818511
29,1801608169132642409,2024-06-14,reply,en,1,0,1,"@V_Lady2024 @Drax2431 @BillEllmore @Ryan_L_Heath Good morning Patriot Lady V.  One of my favorite Patriots. Happy flag day. FREE FREE AMERICA.  Report to duty( lol) and vote for Trump, freedom.","@V_Lady2024 @Drax2431 @BillEllmore @Ryan_L_Heath Good morning Patriot Lady V.  One of my favorite Patriots. Happy flag day. FREE FREE AMERICA.  Report to duty( lol) and vote for Trump, freedom.",[],False,False,https://twitter.com/MAGAGerald/status/1801608169132642409,"""{'id': 1799221280182321153, 'id_str': '1799221280182321153', 'url': 'https://twitter.com/USA PATRIOT GERALD', 'username': 'USA PATRIOT GERALD', 'rawDescription': 'TRUMP MAGA, Conservative, American citizens first, ,SUPPORT THE BLUE AND VETS, no Marxist commie democrats, no Bitcoin,crypto, NO PROSTITUTES\ud83d\udeab', 'created': datetime.datetime(2024, 6, 7, 23, 26, 23, tzinfo=datetime.timezone.utc), 'followersCount': 1017, 'friendsCount': 1177, 'statusesCount': 2098, 'favouritesCount': 2746, 'listedCount': 0, 'mediaCount': 11, 'location': 'Connecticut ', 'profileImageUrl': 'https://pbs.twimg.com/profile_images/1799224584161427456/MYaLQzgi_normal.jpg', 'profileBannerUrl': 'PW', 'protected': 'PW', 'verified': False, 'blue': False, 'blueType': None, 'descriptionLinks': ['PW'], '_type': 'PW'}""",,stratified_type_engagement,2026-02-15 20:41:41.818511
30,1801695713057010039,2024-06-14,reply,en,0,0,0,Please...More like this from the Biden campaign:,Please...More like this from the Biden campaign:,[],False,True,https://twitter.com/CaptAirKat/status/1801695713057010039,"""{'id': 812467101944287232, 'id_str': '812467101944287232', 'url': 'https://twitter.com/KR \u262e\ufe0f', 'username': 'KR \u262e\ufe0f', 'rawDescription': 'GOP turned true-blue DEMOCRAT /  X-Studio Exec / Lady pilot.', 'created': datetime.datetime(2016, 12, 24, 1, 17, 6, tzinfo=datetime.timezone.utc), 'followersCount': 3559, 'friendsCount': 3752, 'statusesCount': 46726, 'favouritesCount': 164138, 'listedCount': 2, 'mediaCount': 577, 'location': 'California, USA', 'profileImageUrl': 'https://pbs.twimg.com/profile_images/1048353164351627264/9aqyeVhN_normal.jpg', 'profileBannerUrl': 'PW', 'protected': 'PW', 'verified': False, 'blue': False, 'blueType': None, 'descriptionLinks': ['PW'], '_type': 'PW'}""",,stratified_type_engagement,2026-02-15 20:41:41.818511
