row_id,tweet_id,text,like_count,date
1,1801010497577222533,"@acnewsitics Wow, nice to see you. Hate America. Good luck to you Trump 2024 whether you like it or not why don‚Äôt you go visit Hunter and Joe Biden in the slam",0,2024-06-12
2,1801033078208373208,@KatiePavlich MAGA hats would have been a nice touch.,0,2024-06-12
3,1801041584181391818,@brianstelter @MSNBC Me watching Trump fans call Biden old: https://t.co/koYkTAM9DJ,2,2024-06-12
4,1801030320008900915,"@ProudElephantUS No one should have to fill out form 4473.
No one should be charged with 922(g). 

But if you are going to charge poor kids, then privileged white boy Hunter Biden get to be charged and spend 6 months in prison.",0,2024-06-12
5,1801005559941869667,@acnewsitics What does MAGA mean to American citizens?,0,2024-06-12
6,1801002971683025120,@TeamTrump @realDonaldTrump @LoganPaul Club #Bolsonaro team #Trump2024 üáßüá∑üá∫üá∏ https://t.co/X0WPYtvWX8,1,2024-06-12
7,1801031817471881275,@starmack86 @academic_la @4montero1 That's right @starmack86. This is NOT a social media Op. I accidentally deleted my former post (still trying to get used to Twitter world) where I stated I am a liberal Democrat but I am furious and totally disgusted with Biden's flip-flopping on Israel. His words (such as when,0,2024-06-12
8,1801347391540359294,"@kirbohtwo @099h057 @_emergent_ @elonmusk and the other side says black power‚Ä¶ neither is better than the other

unsure what a red hat has to do with anything, if a maga hat triggers u that much then hope is lost for you",0,2024-06-13
9,1801037817667076191,@jsolomonReports Lock him up!,0,2024-06-12
10,1801007660659085669,"@Pickledfins Biden mandated the vaxx - never trump- Florida one of the first states to reopen - schools, stores- zero vaxx mandate for gov wkrs - unlike Dem state govs who also mandated the vaxx - facts",0,2024-06-12
11,1801002686562611591,"@akafacehots If he's the most honorable,  I shudder to think of the people that pervert biden associates with. I think jill might also be perverted.",0,2024-06-12
12,1801006195500515458,28. donald trump is gonna be looked at in ~60 years as one of the worst presidents in US history,3,2024-06-12
13,1801035944713134418,@cnnbrk Remember how Joe Biden invented the cages used to torture children when he was VP? You should.,0,2024-06-12
14,1801040391984001119,"@Yeditwit @BossyMother @Travis_4_Trump Better orange than a pedophile that showers with his own daughter. Why did Biden cancel DNA testing at the border,where's 85,000 missing immigrant children?",1,2024-06-12
15,1801024548495896773,@RepMTG Interesting how your constituency never backs you on X or MAGA for that fact.,0,2024-06-12
16,1801014680133013826,"@SpeakerJohnson Hunter guilty on 3 and accepts the verdict. Trump is guilty on 34. You‚Äôre all Trump‚Äôs patsies. Biden swears by the Constitution, while you defend an infidel‚Äôs self-centered revenge and destruction, to bypass all accountability. We all know how this ends. #MAGAisToast #Democracy",0,2024-06-12
17,1801027703912399150,"When will the #Media show us the speeches made by the minority leader
addressing this #MAGAMORON  @GOP vote against Garland? #MSNBC.",0,2024-06-12
18,1801009849846882562,@MayoIsSpicyy Donald Trump was never convicted of rape! Just another lie being floated out there!,0,2024-06-12
19,1801030164203151462,"Bibi was uncomfortable even offering negotiations for a permanent peace, hence all the hawkish messaging coming out of his office after Biden leaked the details. This whole thing is just Hamas torpedoing it.

Hopefully this is just a negotiating tactic.",1,2024-06-12
20,1801030602814066843,Biden has achieved the rigor mortis stage.,0,2024-06-12
21,1801036011067281738,@joe_jo4 @GreenKM117 @Miah1320 @CCSResearch22 @EdKrassen No she with me,0,2024-06-12
22,1801026997566541997,If ever there was a reason to boot Biden out of office this is it.,4,2024-06-12
23,1801040975466283331,"MAGA Nation, Sound Off!‚ùó
https://t.co/7eqhplCjje",0,2024-06-12
24,1801027743242756195,Joe Biden's Campaign in Talks to Accept Crypto Donations Through Coinbase Commerce,0,2024-06-12
25,1801029257147154505,@Miah1320 @joe_jo4 @CCSResearch22 @EdKrassen Yes post your body jay.,0,2024-06-12
26,1801017148116013362,"@QuintonLSmith @kbo_coyote @jackikotkiewicz Questions like this are 100% meaningless without context.

Biden did really well compared to the rest of the world.

And Trump would make things much WORSE by prosecuting and deporting the people who pick our crops, and build and landscape in the summer heat.

That's context.",5,2024-06-12
27,1801003414588973295,Trump was right again. Biden is going to start WWIII,2,2024-06-12
28,1801013914739556402,"@CraigChamberlin @ScottAdamsSays Defenders of the former guy keep saying that. Prosecutors had no problem charging Menendez, Cuellar and Hunter Biden. Why? Evidence of wrongdoing. Does your anger supersede that? Or is your favorite ex-president simply that divine?",0,2024-06-12
29,1801007431125700805,Wife of GOP Senate Candidate Speaks Out About Her Abortion https://t.co/VGD4US7P4L via @thedailybeast,0,2024-06-12
30,1801011133693809042,"@GOP Biden doesn't set prices, duh. Should we revisit economic performance by the numbers by party?  Republicans can't govern.",0,2024-06-12
31,1801008056433848686,Raped a young boy? Wonder how long before Biden let's this illegal out of jail? One day? Two days maybe?,0,2024-06-12
32,1801019411685425275,Biden looks for creative solutions to keep the Ukraine funding stream flowing https://t.co/Fr6BqrtRy8,123,2024-06-12
33,1801036561976271105,@BidensWins That is a blatant lie! Joe Biden lies and it is disgraceful.,0,2024-06-12
34,1801038031933092021,"@josettecaruso @MattWallace888 absolutly correct, and who could even hold their hands that way for SO Long!  How long can the demorats act as if all is well, I suppose it is, since Biden is NOT in the PICTURE",0,2024-06-12
35,1801006379127525773,Congratulations üéâüéâüéâüéâüéâ,0,2024-06-12
36,1801022016566239324,ERROR 404: Keir Starmer malfunctions live on TV üòÇ https://t.co/pfBeAinoXZ,6,2024-06-12
37,1801347253422145815,@GOP_RAC Hello,1,2024-06-13
38,1801003273240907901,"@BidenHQ Uh huh. American mfg has gone offshore under Biden's 40 years, and he's made a mint of personal money promoting it. 

Let's tax those rich ppl and yell at their American based companies for making a profit some more! üßêüôÑü§¶",0,2024-06-12
39,1801348641900347631,"@RepLisaMcClain Sadly, it is you and your fellow MAGA Tumpistas who are playing games, at the expense of our republic and all who live here.  It's really disheartening that you continue to stand by that criminal, all for the sake of power and personal wealth.",4,2024-06-13
40,1801031583748534675,"@NoOneUnscripted @tribelaw It's a stretch to say that Biden was productive during his first two years, although he has been bringing us closer to WW3, nuclear Armageddon, &amp; he's clearly aiding &amp; abetting a genocide. Is that what you mean by productive? 

I voted for him in 2020. I won't again.
#JillStein",0,2024-06-12
41,1801003902608822648,"@Proxy_Tank @besttrousers Biden's old enough that he can easily fake a health scare
if he plays his cards right, sympathy for Democrats will increase",2,2024-06-12
42,1801021195489255460,@blue_eyes_0928 I bet at least 1 conservative isn‚Äôt following you,0,2024-06-12
43,1801033088807649669,WTF. The MAGA cult are also believes the earth is FLAT.,0,2024-06-12
44,1801006476158234828,"Shockingly, the GOP wants... wait for it.... More tax cuts! https://t.co/pYrH4KBUUp",1,2024-06-12
45,1801013858594619625,"@BidenMiranda Bank bailouts. 
Promoting racial divide.
Droning innocents.
‚ÄúAffordable‚Äù Care Act.
Persecuting Assange.
Endorsing Biden.",0,2024-06-12
46,1801004101574013386,House Republicans vote to hold Attorney General Merrick Garland in contempt amid ongoing clashes over Biden transcripts. https://t.co/VMeCPPOmtH,1,2024-06-12
47,1801028160391123262,"@KarenTOTH18 @itsJeffTiedrich ""It's the law"" because it's Hunter Biden... had it been Don Jr, you clowns would be throwing a 10 megaton shit fit about it...",3,2024-06-12
48,1801017286771519821,Bidenomics is Biden misery caused by Democrats  https://t.co/mTu7oEPkaM,0,2024-06-12
49,1801015708664394031,"@tify330 @ellaportman1 Have you seen the commercials tiff? The ones pointing out that Jamaal constantly votes with GOP are great. Jamaal‚Äùs commercial, well, I‚Äôm sure you‚Äôve seen it",3,2024-06-12
50,1801025391043174437,@DschlopesIsBack It looks like biden is ready for the debates.,0,2024-06-12
51,1801018963721076740,@SpeakerRyan Enough said if you support RINO @LeaderMcConnell MITCH MCCONNELL!  Both of you have your noses up close to BIDEN‚ÄôS panties!!,1,2024-06-12
52,1801004684884267045,This is definitely outside of flag protocol rules.,1,2024-06-12
53,1801038087444984232,Sad but true. #Trump2024 #MAGA,4,2024-06-12
54,1801005044923244744,"Who will be taking Biden's place?We all know he is about to drop out. He will help Hunter out, and then leave. Will it be Kamala? She's an idiot. She is hated as much as Biden. Will it be Newscum? The one that destroyed California. I guess we will see. #FJB #Trump2024 #maga",0,2024-06-12
55,1801027630990283107,@DonaldTNews How many models did what she did.  She wasn‚Äôt a porn star like stormy!  She is the most beautiful and knew how to speak without insulting Americans - Jill Biden insulted &amp; Michele was totally arrogant and obnoxious.,0,2024-06-12
56,1801347617613402417,"@POTUS 
The Clintons, Hussein &amp; Mike Obama and Demented Joe &amp; Silly Biden have DESTROYED AMERICA‚ÄôS MORAL COMPASS on the LEFT (what little they had) &amp; are doing all possible to take down the RIGHT &amp; their beliefs!
That leaves nothing but THE GLOBALIST HELL THEY DESIRE FOR AMERICA!",0,2024-06-13
57,1801014058717413820,"@BasedMikeLee Yes I do. It was the last day Former President Obama was in office. 

The Banana Republic started the day Trump was inaugurated. 

Thankfully that ended the day President Biden was inaugurated.",0,2024-06-12
58,1801349686093300092,"It's so weird that we never see leaks from ""private"" meeting when the communist democrats have high level pow-wows. (a little native American lingo there)
But we always get leaks from GOP. #whocanwetrust",0,2024-06-13
59,1801002123775369283,@RyanShead Hey AOC how is it that you‚Äôre worth 30 million dollars?,0,2024-06-12
60,1801025635776909595,@Acyn That's a deep belly laugh.  Trump pardoning Hunter Biden or  commuting the sentence?  No way.,0,2024-06-12
61,1801037142191145418,@TaraBull808 A smoke screen. But the real trial will be done by WE THE PEOPLE on the 11/5/24. MAGA. Trump 2024-2028 üá∫üá∏,0,2024-06-12
62,1801041070949638556,"@powerpoints101 üéØ
Abraham Lincoln at Gettysburg to honor soldiers that sacrificed their lives:  ‚Äúthat government of the people, by the people, for the people, shall not perish from the earth.‚Äù

GOP is taking WTP out of govt by selling our votes, voices, and country to dark money billionaires.",1,2024-06-12
63,1801020457002414188,"ASK | #AmericaShouldKnow
‚Ä¢‚Ä¢‚Ä¢
Jerry Nadler.
The Democrats sent him to defend Biden's flimsy ""executive privilege"" claim against releasing the videotape of his deposition with Robert Hur...
It did not go well...",0,2024-06-12
64,1801009535852949528,"@wendyp4545 Actually, to be fair, most of us had a LOT of information that the media and our representatives ignored.  Some new details are coming to light, but the Russia collusion and the Biden Crime Family shenanigans have been known about for YEARS!",0,2024-06-12
65,1801007455868015057,@Everylastgoat Right well show me the legitimate polls that say Biden has zero followers on all of those platforms,0,2024-06-12
66,1801023002059882685,"This is what MAGA wants and would rather have Putin, then Biden in Office! Please help me understand! 
Twins https://t.co/1nfWrGIig3 via @YouTube",0,2024-06-12
67,1801027630390522046,@LiberalHam7060 @bigjohnny292 @PCJ3dogs @vlb55jr @lavern_spicer Exactly he did more for Black people than Donald Trump. No let‚Äôs not forget that this was the same ex-president that put an added in the New York Times for the execution of five innocent Black men crime didn‚Äôt commit that was 35 years ago,0,2024-06-12
68,1801020935215911269,@bama_angel4life Beautiful as always üòòü§ó,1,2024-06-12
69,1801003003001884996,"@RepMaxMiller @JudiciaryGOP Well, Thanks to Gym Jordan who is well over 700 days in violation of his subpoena, your subpoena means nothing.

Also in what way does this help us? You know, your constituents? 

Does this address the price of Gas? Food?

Address the attempted Coup that your party attempted?",4,2024-06-12
70,1801349176485363871,"@ChrisDJackson Biden was asleep for most of the visit, numb nuts üôÑ",0,2024-06-13
71,1801030991798030411,MAGA Mike is a pathetic liar.,0,2024-06-12
72,1801024425690619946,"You didn't actually think #biden would close the border did you? The only thing Biden does consistently is lie, over and over, every day.",2,2024-06-12
73,1801348043679347179,@carynannharlos Trump and Biden are driving you to hell but Trump is taking the scenic route while Biden's drool is pooling on his collar while his foot is fully pressing the accelerator.,0,2024-06-13
74,1801016857882730971,"Imagine if we had @Cobratate power 

Ohhhh man",0,2024-06-12
75,1801001715757470152,"@pennington_jr @MikeSington It is in fact not bullshit. Take 10 seconds to google ""S&amp;P and Nasdaq  close at record highs.""  For you MAGA's, get your grandson to do it.",0,2024-06-12
76,1801348691040866739,"@Goofsonn @so_longlondon @fatfabfeminist @tattooedhoax Care to point out some things that show how ""disasterous"" Biden has been? Or are you just repeating what others have said.
Biden has managed to create a strong economy while most other countries are still struggling to cope with the fallout from covid lockdowns.",0,2024-06-13
77,1801012015042908472,@ClownWorld_ She did it on purpose because she is going to make more doing these videos and MAGA will watch them and MAGA haters will watch and share them too. And you're helping her do it. Stop sharing and forget about her.,0,2024-06-12
78,1801039302844948523,"@nicksortor @nicksortor what about the Biden family using the FBI to retrieve the diary?  It is only one of the 3 letter agencies covering for the Biden crime family; IRS, FBI, CIA, DOJ.",0,2024-06-12
79,1801025174822584515,"@SpeakerRyan @TeamCavuto 
No one cares what Paul RINO Ryan or coward Cavuto thinks about #MAGA or #Trump2024 go pound sand!",0,2024-06-12
80,1801034176121954584,Charles Payne Bursts Biden Campaign's Gaslighting Bubble About,0,2024-06-12
81,1801027777975496948,@JenniferSey That decision might just leave a mark as Biden's Title IX rewrite goes to court.,0,2024-06-12
82,1801029097096729037,@Kmello35365 @TomiLahren @ScottPresler Everything you‚Äôve been told about MAGA is a flat out lie !  It‚Äôs the democrats who deal in hatred https://t.co/A2NgTobfWw,11,2024-06-12
83,1801013557053853870,@15_conservative @RpsAgainstTrump Hovde described what he claimed were voting irregularities involving Wisconsin nursing home residents in the 2020 presidential election. Here is a fact brief from @WisconsinWatch with more information on the context of the statement. Hope it helps! https://t.co/7yJ31bQzoC,0,2024-06-12
84,1801013705125319013,"@simonateba @SarahHuckabee The economic failure, Biden, hurts us and she saves us.",0,2024-06-12
85,1801008408847429636,@RogerJStoneJr @OwenShroyer1776 Or mug club,0,2024-06-12
86,1801003028306174312,"So I never got to mention how two prominent years long investigations of the ""Biden Crime Family"", the House Biden Impeachment Investigation and Trump's special prosecutor for Hunter Biden, failed to turn up even a hint of evidence for the supposed major crimes.",1,2024-06-12
87,1801007793782116648,@SecretaryPete This is the Biden administration in a nutshell. They will take a baseball to your head but give you a discount on the MRI and cat scan you are going to need after.,0,2024-06-12
88,1801348251813085283,BIDEN AND ZELENSKY (BLINKEN) trying to drag America into their üí©! https://t.co/qJqXE1xfKZ,0,2024-06-13
89,1801014725200822291,"üßµGreat article by @JillDLawrence A must rd as Jill points out that Biden is the candidate of strength w/the backbone to protect our rights, our democracy, rule of law, world order &amp; devotes the time to love his family!  My President &amp; will be again if we all work to make it so.",8,2024-06-12
90,1801036446561710417,@Cobratate @Magatron_2024 is built different! #magatron #MAGA #memecoins #Solana #altcoins #Crypto,5,2024-06-12
91,1801036136975892755,"In 2019 Donald #Trump just about had America back on track. Even again enormous opposition from the libtard gaggle of retards and degenerates. 
https://t.co/3pdVDnhSPO",0,2024-06-12
92,1801348348169044048,"""Republican critics had to either swallow their criticisms of his crookedness (the Journal itself spiked a second editorial on Trump‚Äôs mob ties after he won the nomination) or leave the party,"" writes Chait.",1,2024-06-13
93,1801040022529024495,@valdemings Is there more than one president biden?,0,2024-06-12
94,1801016164170289320,"Hunter Biden Convicted On Felony Gun Charges--He faces up to 25 years in prison and a fine of up to $750,000.
https://t.co/1ezYQqLKYC",0,2024-06-12
95,1801026020369174940,@harryjsisson üòé Biden just got there &amp; he has already said he won't be attending their dinner! He does this on every trip! Everybody at that dinner will talking about Biden &amp; his weak &amp; confused status! What a embarrassment &amp; security risk! Biden has no respect from world leaders! NONE! FJBüñï,1,2024-06-12
96,1801038023489986862,@RyanGirdusky pretend MAGA for sure,0,2024-06-12
97,1801007399479763130,UNTIL THEN WRITE HIM A SONG PLEASE GET IN THAT BOOTH üòÇAND HAPPY EARLY BUT YO YOU ALLS SON!!!! üíôüéâüéâüôèüèøüôèüèø,0,2024-06-12
98,1801018639921136096,@ZiggystarZiggy @POTUSalyingliar @NatashaForTrump @2457klhu @Karlton111 @JCDeardeuff @twitburd1 @KsLiberal @VIEWontheRIGHT @Missy8008135 @WhiteRonin22 @denisewbrady @FriendsOfJoe33 @Sinner_Lilith @FiestyKiwi @memequeenkimmy @FireBidenNow @RealDoctorT @TeekeeMon @ImUnFayzed @itisjustmebabe @tHeBohem7 @backtobacktoday @Jeff23645831 @comboverwhelmed @RushvlleRocket @whagyjr @_Kel_Varnsen_ @cbeckj @MistressRedWasp @Caperloo5 @skeeduu @NotSoSilentBob1 @laneisrad @IamJesusLickme @AntWindmill @PlatoonOps @Sasquatch4eva @HeartlessCreat5 @giddy_bunny @Berlinstweets @OriginalGoalie @VinceGottalotta @AggressiveDem @Booda_the_Great @Republicrat14 @JohnOz1900 @DeplorableNew @airdata8 @Tazerface16 Trump will win the election. #Trump2024.,2,2024-06-12
99,1801027188122112192,@In2ThinAir @jonesch40 Here is one of many from 6-10 to 6-12 https://t.co/goPLqOxBSV,0,2024-06-12
100,1801014400477810783,"@swamphunt3 @murfmaxd @ninoboxer And what good is all of that now? Biden reversed everything Trump did on day 1. If Trump built a fortified wall, Biden wouldn't be able to reverse that.",0,2024-06-12
101,1801032166651863325,"@JoeBiden is an illegitimate POS!! He knows it, he knows we know it &amp; the media knows it!! Now all the American people know it @MSNBC @Morning_Joe @CNN @ABC @FoxNews @maddow @morningmika",0,2024-06-12
102,1801017752758497430,@harryjsisson So you suspect Trump would do what Biden is already doing?,0,2024-06-12
103,1801014829114601683,@Coakley2Bob And Ashley Biden's diary is confirmed as 100% true that Old Man Joe DID do inappropriate things to her in the shower when she was still a kid. #Bidenexposed.,0,2024-06-12
104,1801008015677468990,@RVAExile Point taken but IMO the core things that doomed Jeb don‚Äôt really apply here. The biggest problem for him is that the GOP base was way more conservative and anti-establishment than he thought. I don‚Äôt think the equivalent is true of Dems.,2,2024-06-12
105,1801005682797269190,"@POTUS Over 18M new businesses? Impressive, but let's not forget that Joe Biden is still working hard to destroy America with his socialist policies! #MAGA",0,2024-06-12
106,1801008801765622101,"To her credit, @AOC has pissed off Conservatives like @KyleKulinski and @hasanthehun who oppose aid to Ukraine. They also would rather have Donald Trump win than continue to try to push both Congress and Joe Biden to the Left on both Israel-Palestine, &amp; other Progressive causes.",1,2024-06-12
107,1801015736028078107,"@ComradeIzzy Not I, personally being in the most pro Trump family ever, I see the evils of MAGA and MAGA communism is just fascism",6,2024-06-12
108,1801025089942495714,@SpeakerJohnson The only contemtable party in all this BS is the GOP.,0,2024-06-12
109,1801015970154135821,@JoeBiden Everyone is sick and tired of your crap about billionaires pay their share it's the middle class that are paying everyone share right now because of you you will be paying as well prison soon for Joe Biden,0,2024-06-12
110,1801034670928199741,Guess How Much Terror Watchlist Encounters Shot Up After Biden Said 'Surge to the Border' https://t.co/mnXDf2n07H,0,2024-06-12
111,1801019294601400812,@LauraLoomer @JoeBiden Stick to policies. Biden only has hoaxes &amp; personal attacks.,0,2024-06-12
112,1801011167759855775,@HaackJoe330 @gtconway3d This MAGA party is trying their best fool the fools.,0,2024-06-12
113,1801008786997395631,Joe hates our military,2,2024-06-12
114,1801007473282703558,@GuntherEagleman Jan 2025 can‚Äôt come fast enough.,0,2024-06-12
115,1801348934477983849,"@TxSaving @KelemenCari That wasn't it.  They had to have pre-sorted biden, then further sorted on the surveyor write in position. https://t.co/IcTYkZtKjV",10,2024-06-13
116,1801349069996179604,@NickyCip22 @cryonihilism @waprog @groversmith1 @NateRybner @RedNYPolitics Has nothing to do with Biden not putting the US first üôÑ,1,2024-06-13
117,1801032743310037076,"@stridinstrider Because they receive little/no push back from the media, and no repercussions from the party, or frankly, their constituents.",1,2024-06-12
118,1801006103011967201,"@SherrKitts @TheOfficerTatum If Biden was tough, the invasion wouldn't have happened, as it did not happen under Trump. So clearly, Biden is a poor choice on this matter. 

However, unlike Crimea, which concluded well before he took office, Trump threatening appeasement makes him a poor choice on this matter",0,2024-06-12
119,1801018996864721106,See this Instagram photo by @princessmyagraceie https://t.co/CmbPDDiupu,0,2024-06-12
120,1801001825304535123,"Fuck you Joe Biden üñïüèΩ

Check out Mikey's video! #TikTok https://t.co/VZGjoR00qj",0,2024-06-12
121,1801012389363728630,Karine-Jean Pierre Doesn‚Äôt Rule Out Hunter Biden Commutation #AmericanAirForce #USAirForce #USANewsToday [Video] Karine Jean-Pierre did not rule out the possibility that President Joe Biden might commute his son Hunter Biden's sentence on ... https://t.co/9epuUkxmSp,0,2024-06-12
122,1801035140723831220,@JenC222 You are Biden black! :( the plantation needs you‚Äô :( stay put!,0,2024-06-12
123,1801010352580075689,"RIP Jerry West.  I loved the guy for 50 years.  Why do the good ones keep dying and the evil ones like Rupert Murdoch, Charles Koch, and Donald Trump just keep on going?",0,2024-06-12
124,1801014346186731648,@heydolly144254 @AsteadWH None of those are posted by people who even considered voting for Biden.,0,2024-06-12
125,1801025038813925469,Which Biden is this?,2,2024-06-12
126,1801021229928997316,"@FoundationDads @KathEader This is the best description. A marriage to an emotional cheater, alcoholic, and verbally abusive spouse was not survivable after trying 12 years.",4,2024-06-12
127,1801029202642108624,"@IngrahamAngle the Biden administration is laying the ground work for their own Reichstag fire.

If you keep allowing criminals, gang bangers and terrorists into the country it‚Äôs a matter of time before we have a major attack, real or false flag

A DNC rallying cry will follow;",0,2024-06-12
128,1801002678018871462,@MargieVotes Dear @gop https://t.co/LV9vm7Uqsb,2,2024-06-12
129,1801008112293368069,"this guy should not be writing ""neutral"" stories about the election. he clearly has made up his mind that biden's age is the most important factor in the election, and he covers the election from this perspective.",0,2024-06-12
130,1801033092024377796,@Metallicat455 @News12NJ Just stating the fact that Biden reinstated the regulations that Trump took away while president. No snark needed.,2,2024-06-12
131,1801029308971896957,@harryjsisson Biden skips G-20 gala because he 'needed to attend to a few items.  He needs a nap and diaper change.,0,2024-06-12
132,1801035494135894471,@POTUS Every one should report this account for being fake ....we all know Joe Biden could read a statement let alone write one on X...,0,2024-06-12
133,1801027315494789253,"I support President Biden but if I'm going Republican because I do carry, I'm voting Kennedy!!",0,2024-06-12
134,1801001398747685115,@DebLaughton @atensnut @GOP @SpeakerJohnson @mattgaetz @Jim_Jordan Correct,0,2024-06-12
135,1801013128433467489,"@elonmusk @KanekoaTheGreat @MarcoPolo501c3 Completely agree! Plus, i don‚Äôt want my tax dollars paying for crack and hookers which is what kickbacks do.",0,2024-06-12
136,1801039136855326824,@BRICSinfo Even in a Dubai they‚Äôre choosing Russia over the USA.  Biden‚Äôs foreign policies are a disaster and the Middle East know it.,0,2024-06-12
137,1801006552662372589,"@RepMTG Thank you, MTG! Back half of this was dead on. Especially the Biden facts you were spitting! 

You are right. Americans would be thrilled to see even half of what you mentioned ""righted."" If it can even be righted. Crimes against humanity? That's hard to make right. https://t.co/c0QJaOOz9Z",0,2024-06-12
138,1801014377769811973,"@allstar99999 Only reasons to withhold audio tapes 
They aren‚Äôt accurate to the transcripts 
They are so revealing about the POTUS cognitive status - that it would be political suicide. 

Let‚Äôs switch the names on the audio tapes from Biden to Trump and see what they‚Äôd do",0,2024-06-12
139,1801348459926012269,@ScottPresler @harryjsisson Trump is a conman and Biden is a senile. Both are horrific.,0,2024-06-13
140,1801003429587738997,@RepMattGaetz @DailyCaller Yes this! Biden will give our money away to every foreign country who asks and will use our money to take care of tens of millions of illegal invaders but our military gets screwed. Biden is a scumbag.,1,2024-06-12
141,1801008126121914499,"@Acyn Is Kayleigh saying that Trump is the dance party and Biden is the parents basement? 

What is she talking about?",0,2024-06-12
142,1801035898785571146,@atensnut President Biden was legally elected. You are in a Cult.,0,2024-06-12
143,1801036530779119925,"@OneBadDude_ @JoeBiden Seems like more people are paying attention to politics and educating themselves on the issues a bit more. I think Biden is responsible for that. I think we took a lot for granted before and during Trump‚Äôs time in office, now we‚Äôre seeing how bad it can actually get in our time.",1,2024-06-12
144,1801037889616114094,@GigaBeers Yes unless we can found em up and kick em out,0,2024-06-12
145,1801029825315971333,"Look at that the left side is under Trump the right side is under Biden, and we're not even done with 2024 yet we must seal the Border and take control and remove all illegals from America.. https://t.co/pAIbsNz8v0",0,2024-06-12
146,1801021418257170584,@BasedMikeLee Have you discussed what this means with the females in your family?   I mean have you really sat down and looked your youngest daughter in the face and said daddy is supporting Donald Trump.    He does brag about grabbing women by their pussies.   He has been found liable for it.,0,2024-06-12
147,1801004170301800554,"President Joe Biden faces first lawsuit over new asylum crackdown at the border
https://t.co/XkfuREu7mx",0,2024-06-12
148,1801035910844215625,"Here are the top donors to AIPAC's super PAC, United Democracy Project, which is unloading millions in #NY16 from:

- Nikki Haley megadonor Jan Koum
- Ted Cruz donor David Zalik
- Trump inaugural donor Kraft Group
- billionaire GOP megadonor Paul Singer

https://t.co/6UfAR0TsG4 https://t.co/d2cCdvLdWI",1,2024-06-12
149,1801038081367384532,Will the real Joe Biden please stand up!,0,2024-06-12
150,1801009166418432255,@mjfree Barf worthy https://t.co/HJVvL7zebW,0,2024-06-12
151,1801004932306534711,"@Damaan4u33 @LosDaGreatOne Well, actually the shirt should say, ‚Äúfuck anti-Black white supremacist racists Jim Crow Biden and Donald Trump, and f**k Blacks who votes for either.‚Äù",0,2024-06-12
152,1801005746730996080,Joe Biden Handed Loss by Texas Judge #NewsBreak https://t.co/CY6gA4URxV,1,2024-06-12
153,1801035922902790406,Preparing for face off: Trump Biden zinger debate moments #NewsBreak https://t.co/mDbKAEMAP8,0,2024-06-12
154,1801007820248113397,@RogerJStoneJr @OwenShroyer1776 Merge with beck the blaze,0,2024-06-12
155,1801002779688783927,"@valdemings .
Flee from Biden &amp; Tyranny
Flee from Hate, Unrest, War, Division
Flee Fascism (National Socialism)
.
Democratic Party &lt; Middle &lt; Republican Party
.
Liberals, Constitutional, Paradigm of Subsidiarity
Libertarian Party
Making America Greater Every Day
.
To Liberty
.",1,2024-06-12
156,1801348055083426249,"@Damaan4u33 Well, atleast old Biden can read his notecards",0,2024-06-13
157,1801027984184197451,@TheAleksee Are those rich people voting for Le Pen or areas where rich people visit or have homes such as Martha‚Äôs Vineyard here?,2,2024-06-12
158,1801013993630306570,The whole Biden administration is a bit over stated!!,0,2024-06-12
159,1801033564969992331,@GOP Source: Trust Me Bro,0,2024-06-12
160,1801036098753139030,"‚ÄúAlito is an extremist who is out of touch with mainstream America. His rising power on the Supreme Court is a threat to our democracy,‚Äù Sen. Elizabeth Warren (D-Mass.) said.",1,2024-06-12
161,1801349583362032052,Hunter and Joe biden?,0,2024-06-13
162,1801027647712968747,"Biden, the Democrats, and the left wing media frequently say prices are coming down. That is not true. The rate of increase may be slowing but prices are still going up! https://t.co/ayzmsj1Ytv",7,2024-06-12
163,1801350089891344649,Biden is going to pardon Hunter- he is a good boy!,0,2024-06-13
164,1801017092742771113,@hatescapitalism @VictoryRenfrew @DUI_Defender_LA How do explain why AIPAC spends so much money promoting the gop and far right dems if there is no difference?,0,2024-06-12
165,1801036088711971193,@charliekirk11 @ThickShelledEgg Yes the border is wide open Everyone knows this Except the Biden administration,0,2024-06-12
166,1801034473737175128,"Is that because of the treacherous, stale, old white men, conservative political operators who own them, including OUR ABC have the integrity and ethics of a Cattle Tick?",1,2024-06-12
167,1801012003361681670,"@DogRightGirl Though it's nice to see the Biden's get some Court room action, we wouldn't wish that on anyone. That being said, Hunter did buy a gun while he was using drugs, right?",0,2024-06-12
168,1801036102972944835,"@RpsAgainstTrump Spineless and an absolute disgrace. There you have it folks, the GOP supporting an insurrectionist who tried to over throw our democracy.",0,2024-06-12
169,1801021346027098246,@ggreenwald Regurgitating the Biden regime talking points.,0,2024-06-12
170,1801039069092135103,HUNTER BIDEN‚ÄôS BACK TATTOO OF THE FINGER LAKES WHY? https://t.co/yqDQ7mwOck,0,2024-06-12
171,1801003060657041486,Were they trying to make us like Alito more? https://t.co/STAdIALc8r,0,2024-06-12
172,1801036272221466689,I‚Äôve been saying this for YEARS‚Ä¶ But Biden isn‚Äôt mentally here!! And it‚Äôs SCARY!!,0,2024-06-12
173,1801027516611924248,"@franklinisbored @lepuppeteerfou @blknoiz06 Make sure you vote Trump. Biden using it to quote someone else should not be acceptable, right?

https://t.co/i5Y7glKrzL",0,2024-06-12
174,1801014427673628909,@DrewSav Nope! President Biden is also overperforming in primary contests.,0,2024-06-12
175,1801005569542664313,"If you live in California, you are a fool. I have no pity for anyone who consciously makes the decision to live in a communist shithole.",0,2024-06-12
176,1801041497204121753,"I heard about ‚§µÔ∏è and I agree w/Republicans about how his actions are disgraceful. He should've acted w/better judgement and because of his lack of respect to our laws he now has to face the possible consequences for those actions ‚§µÔ∏èX2

Did Biden complain about the outcome? Has he https://t.co/Zczx0blecm",1,2024-06-12
177,1801025899745157294,"Hey GOP/Trumpers ‚Ä¶.listen up:

https://t.co/VwE7XqSVGO",0,2024-06-12
178,1801013364488876085,@stillgray Brooks Brothers is bouta copy this one.,0,2024-06-12
179,1801028695190052909,@zazzybritches @bingbingbong500 @elonmusk I liked that you liked it. üíô,1,2024-06-12
180,1801021371058724883,@nicksortor @nicksortor didn't special counsel Robert Herr say he couldn't bring anything against Biden because of his cognitive issues.,0,2024-06-12
181,1801021177969688658,"@jack_phileas @mdancephilo You claimed intelligence officials certified it was fake. I posted an article that said (1) they weren't public officials and (2) they didn't ""certify"" anything. They wrote a letter. Nothing in your tweet mentioned the Biden campaign, so who is doing the ""twisting"" here?",0,2024-06-12
182,1801025838504185991,@DurhamWASP Some politicians. Clearly most give Biden a pass and he is the lowest of low hanging fruit,0,2024-06-12
183,1801033711237964275,"@gfodor @MarvinTBaumann @paulg @micsolana It‚Äôs more wrong to not start applying it now, one everyone, Biden (sitting president) and Trump (Candidate &amp; front runner).",0,2024-06-12
184,1801027089295888760,"Jesus commanded that if I don‚Äôt have a sword to sell my cloak and to purchase one. = honored  (In modern fashion)
I‚Äôm just not sure when to start swinging it ? ü§™",0,2024-06-12
185,1801039124150784134,"And the Trump lovers say, ""There you see? You'll never hear old man Biden say anything brilliant like this.""",0,2024-06-12
186,1801024896031453585,"Gqp Sen. Young is just one of many big-name Republicans who have not yet backed Trump this year. Others include retiring Sen. Mitt Romney (R-UT), former Rep. Liz Cheney (R-WY), former House Speaker Paul Ryan (R-WI), and former Vice President Mike Pence.
Tho",1,2024-06-12
187,1801347102980902919,@lovelyleejones These numbers are grossly incorrect! he has gained way more support from this than these numbers reflect.,0,2024-06-13
188,1801025511872712951,Biden campaign in talks to become unlicensed broker,105,2024-06-12
189,1801021228259639534,"@LPNational Don‚Äôt worry LP, I gotchu 

It‚Äôs time for Congress to:
‚òëÔ∏èBan assault weapons and high-capacity magazines for citizens
‚òëÔ∏èEstablish universal background checks for citizens
‚òëÔ∏èRequire the safe storage of firearms for citizens
‚òëÔ∏èEnd immunity for the gun industry for citizens",0,2024-06-12
190,1801349417552986610,@IanJaeger29 Is this the Biden family retirement plan?,28,2024-06-13
191,1801019998544023789,"@Sunkized01 The judge ruled correctly.  You are guilty.  Next, the Judge will trial me.  I-Joe Biden will be sent to jail because I did many wrong things.  
Our family is really not good so we have to pay for our sins.
Stealing someone's wife, drug addictive, the girl with drunk, etc.
Bad.",0,2024-06-12
192,1801349970177503455,@fatfabfeminist Vote for Biden. As much as you hate him it is undeniable that Trump would be worse,0,2024-06-13
193,1801004937444212793,@DeTocqueville14 Check Biden‚Äôs DNA‚Ä¶I‚Äôm suspicious üòâ,1,2024-06-12
194,1801032916564099536,This üëá üëá üëá,1,2024-06-12
195,1801002550407180485,"@harryjsisson That is Biden, he sold out America for many years for his own personal greed. NOT TRUMP!",0,2024-06-12
196,1801006833349394848,No way Biden finds another VP https://t.co/IQZW2gn64t,0,2024-06-12
197,1801017404404752887,@jraanee Gal liking all the porn lol,0,2024-06-12
198,1801349707706601610,"Eva says, ""Only You can Prevent Forest Fires"" @RedTRaccoon From 270toWin: 
Biden Losing Gen Z Influencers
June 13, 2024 WaPo: ‚ÄúAcross TikTok, Instagram, YouTube and Twitch, anger and resentment toward Biden are boiling among Gen Z content creators who say they feel disaffected",0,2024-06-13
199,1801022413246775765,"If Netanyahu can expand the war into Lebanon, it prevents him from being removed from power over the October 6 debacle &amp; saps support from Biden on the left

Biden loses, Trump wins, then Netanyahu gets to do whatever he wants in Gaza, so war with Hezbollah is very rational",11,2024-06-12
200,1801004322945421456,How do you know T rump is serious about not taxing Tips? He is planning to add a Tip Jar at the White House if he wins.,15,2024-06-12
201,1801021062005629291,"It‚Äôs insane that the mainstream media looks at stories like this and shrugs but I can get a whole news cycle about Dem strategists are freaking out over Biden‚Äôs age 

It‚Äôs almost as if‚Ä¶.",3,2024-06-12
202,1801019208462975164,@SenWarren Biden‚Äôs inflation is so bad young families can‚Äôt afford houses.  Young adults can‚Äôt even payback their student loans because Democrats destroyed our economy,0,2024-06-12
203,1801009379275120841,@dispatchexpose @kangaroos991 You hypocrites get back to us when Biden is held accountable for stealing and exposing classified documents to his ghostwriter for a book.,0,2024-06-12
204,1801347983788937515,"@OrlandoMH3 This is the sorriest group of world leaders I have ever seen at a G7 meeting - With the exception of the Italian PM, they are all in danger of being voted out of office -
Joe Biden has five months to go to the election - I doubt he makes it - Kamala Harris will run -",1,2024-06-13
205,1801006329709891913,Do it.,0,2024-06-12
206,1801012513104105815,@warrior_4_good @bcuban Lol another example of zero self awareness. Although the one Biden wore was a little more protective.,0,2024-06-12
207,1801034602846232855,@KimReynoldsIA @BillGustoff Have you publicly endorsed Donald Trump yet?,1,2024-06-12
208,1801349238418206760,@KishorBlue2 @GeeSungee @ACABChick @ASterling @rawsalerts @CapaTosta122 @NancyHWeaver1 @Hedgesgurl @gerber_desiree @DrLearnALot @MY_MUSLIM @LadyReverbs @gaijingirl2004 @fluxus2 @shift_in2_turbo @TimOnTheTractor @_bilaire @john_brumjo @TheDemocrats @GOP @POTUS @HillaryClinton @DNC I FOUND MY BEST EDUCATION WAS AFTER COLLEGE YEARS RESEARCHING THE BS CALLED THE UNITED STATES!,3,2024-06-13
209,1801002119157141900,@PeterFegan8 @umichvoter Because polling is broken. Biden is winning Pennsylvania.,3,2024-06-12
210,1801017358112153730,"Biden-Casey-Nomics.
PENNSYLVANIA ‚Äî Shoppers nationwide know it costs a lot more to fill up a grocery cart today than it used to. But in Pennsylvania, inflation is causing food prices to spike faster here than in any other U.S. state, according to a new report. https://t.co/vqAyMuPbGt",0,2024-06-12
211,1801001828349358173,@AP Yeah of course they like Biden. They aren‚Äôt afraid of him.,0,2024-06-12
212,1801347333159817414,"Dont forget you can check out Branden Durst‚Äôs website at https://t.co/13mehBJxkO 
Here you can learn about a true believer, who is working to save IDAHO with conservative principles!! 

#idpol https://t.co/6wsL4TP2kr",0,2024-06-13
213,1801024479826452615,"@BidensWins Time for MAGA to bring out the BIG GUNS! 

Sorbo!
Barr! 
Schroeder!
Nugent!
Voight! 
Caviezel!
Baio!
Quaid!
The Other Quaid!
and Kid Rock!

ASSEMBLE!!! https://t.co/2liegg2tyn",0,2024-06-12
214,1801002664655753371,".@RepDaleStrong condemns Biden for objecting to military pay raise ‚Äì ‚ÄúPresident Biden supports a $15 minimum wage, which comes out to several hundred dollars more a month than our junior enlisted currently make in basic pay.‚Äù #alpolitics
https://t.co/iyn28brjom",10,2024-06-12
215,1801007885100490758,"It's obvious she's a woman scorned, someone in the Conservative Party was obviously put off by all her plastic. Such bitterness, such viciousness will eventually backfire on her.",6,2024-06-12
216,1801002262136848503,"@SALHACHIMI @ImranKhanPTI was the solution to this Gaza Genocide, but @JoeBiden made sure that he remains behind bar as Biden sees him far bigger threat than Arabs !!",0,2024-06-12
217,1801038015025815627,@SaltyGoat17 I‚Äôve been paying Attention to this guy since this happened!! üíØ authentic,1,2024-06-12
218,1801012799499313559,@harryjsisson Oh you mean like Hunter and Joe have been doing for decades?? No when Trump was president only made deals that benefit America and American people. The Biden mafia strong armed companies from other countries to line their pockets. It‚Äôs been well documented.,0,2024-06-12
219,1801017040423067977,@MTGrepp The Biden family is showing what class and acceptance of the verdict. Joe could have pardon him but he let the courts do their job. Trump and his family we have a corrupt system well if it worked for Hunter it works for Trump 34 counts guilty. Hunter not running for office,1,2024-06-12
220,1801019607873888331,Maga lies https://t.co/ICPhiXMMo6,1,2024-06-12
221,1801017237911765016,"House holds Merrick Garland in contempt over special counsel's Biden tapes - Washington Times ‚Äúpolitical‚Äù purposes?!? Wow the pot calling the kettle black! üòÇ Gee, the commies ‚Äúaren‚Äôt‚Äù doing that to Prez Trump‚Ä¶nah that‚Äôs ‚Äúdifferent‚Äù ü§° #Garland #bias  https://t.co/SUh8MWEaiW",0,2024-06-12
222,1801349675234247063,@Christo12919382 @acnewsitics Biden and his best friend KKK member Robert byrd who Biden calls to this day his mentor and friend. https://t.co/sOE0pskjDS,3,2024-06-13
223,1801348021881286671,@larryelder So embarrassing!  Biden is a complete joke as POTUS!,0,2024-06-13
224,1801024676912566582,"Oh what a shame!! Some reasons lawmakers can‚Äôt meet with gop candidate tomorrow-my wife and I are taking the dog to vet, finally decided to shampoo the carpet, it‚Äôs seniors‚Äô day at dollar general and I have some coupons that are about to expire",0,2024-06-12
225,1801007715331833887,"@JoeBiden If @joebiden enjoys a rigged election again &amp; gets in office, he'll keep lying to Americans as he represents China/Russia/Ukraine in their 1 Belt 1 Road deal that he's deeply involved in. Joe's annihilating working families. We can't let Joe Biden further destroy America.",0,2024-06-12
226,1801016962773823880,@JamesFrith We have had NOTHING from our Labour candidate - but that's nothing new. Boundary has changed &amp; the new CONservative candidate has been out &amp; about since selected months ago. Already had HIS leaflet (binned) but you aren't helping yourselves,0,2024-06-12
227,1801003400902877416,"The US under its Biden experts sat out restoring the Deal for Israel and now Israel is screwing them out of office.

Iran has no benefit in allowing US ""Havana Syndrome"" weaponry and its brain weap. slaves from Pahlavi et. al. who're Israeli puppets, like Crisis Group, into Iran.",0,2024-06-12
228,1801028594090627516,@GOP Trump is 78 years old and he is showing signs of dementia,0,2024-06-12
229,1801038196370759725,"@EdmundSimax @wirraone @JudiciaryGOP Here‚Äôs the deal. We had three years of Trump (minus COVID year) and three years of Biden.

The results speak for themselves, and that is why Trump is leading in the polls.",1,2024-06-12
230,1801034496596197885,Should Donald Trump make Nikki Haley the GOP's VP nominee?,1,2024-06-12
231,1801036103497183253,@PattyMurray @SenateGOP is too cowardly to take a position either way. They won't come out and say WE WANT FETAL PERSONHOOD. They also won't support IVF's legality. Good job passing bills to put the GOP on the record. @HouseGOP and @SpeakerJohnson should be sending you bills as well.,0,2024-06-12
232,1801020399712346621,"Pride, 
isn't that one 
of the sins the 
bible warns us 
not to be ???",0,2024-06-12
233,1801008850016878839,@DustinStockton How u gonna fade @DustinStockton the #politifi Godfather and $LAPTOP @degenlaptop? Ppl like him and projects like that gotta be treasured! The work they‚Äôve done to expose the Biden clan? You can‚Äôt fade that üî• https://t.co/l3AGEfvhZJ,0,2024-06-12
234,1801347278994584059,"@IsabelOakeshott @Keir_Starmer Rather have dull but competent than lies and deceit from Reform, Conservative etc.",0,2024-06-13
235,1801037198088966555,Vance is beyond corrupt‚Ä¶Vance lies about everything‚Ä¶Vance is an embarrassment to our nation‚Ä¶MAGA Moron Revenge continues‚Ä¶Never forget the January 6th MAGA Coup Attempt‚Ä¶Orchestrated by tRump and MAGA Republicans‚Ä¶,0,2024-06-12
236,1801003761617297504,@TheFive  that‚Äôs a lie. Trump has repeatedly said he is NOT interested in revenge. He‚Äôs only interested in getting us out of Biden‚Äôs debt.,1,2024-06-12
237,1801030735001760137,@EdKrassen She‚Äôs our pitbull and you are Biden‚Äôs kitten. I‚Äôll take Laura every time.,0,2024-06-12
238,1801004046712746425,Joe Biden is fully aware that terrorists have infiltrated our country and still won‚Äôt close our borders.,66,2024-06-12
239,1801032993118568788,Federal prosecutors step in to charge murderer after state attorney refused - Conservative Journal Review https://t.co/t0PUwW9qNO,0,2024-06-12
240,1801001351750594962,@JoeBiden Your plan leaves WH staff with diapers to clean and dispose of.   Loser.,0,2024-06-12
241,1801010040205095214,@JonnyRoot_ I listened to her little rant and 2 seconds in I could discern she was neither trad nor conservative.,1,2024-06-12
242,1801016263725986303,@BadTakeFuges Ok but look how senile Biden looks get this man outta office,0,2024-06-12
243,1801013126336311554,insulting conservatives with conservative insults is really funny,2,2024-06-12
244,1801021906167992698,@_wake_up_USA She's messed up in the head like Biden!!,0,2024-06-12
245,1801040412762841190,Where were Hunter Biden's verified laptop crimes committed?,0,2024-06-12
246,1801006546408587410,"@MarioNawfal Lot of politics is just a pre-agreed theater show especially in pre-elections time. Americans don‚Äôt seam so worried much but democrats will make sure they start to worry. Then Biden will make peace agreement, resembling crisis solution from Kennedy time to gain lot of points",0,2024-06-12
247,1801007064988200981,@TheKevinDalton @greg_price11 Not anymore they are all in bed with the dems and biden bag lickers  ! It's a sad day with no more  honest journalists!!!,0,2024-06-12
248,1801003488086011990,@SalonNewsNow @GenoVeno73 @LauraLoomer I‚Äôm talking about the immigration bill authored by one of the most conservative GOP senators in the Senate and he had the rug pulled out from under him. He even said so.,1,2024-06-12
249,1801022517475225769,"@MSNBC They just bit the hand that's been feeding them this whole time. The GOP has no better pal, than Merrick Garland",0,2024-06-12
250,1801028056238244221,"@SenWhitehouse The MAGA GOP gaslight about a banana republic, when that is what they want - they just need the WH to nail it down, with this group of corrupt like-minded justices in tow.",4,2024-06-12
251,1801017241762419176,"@harryjsisson Joe Biden molested his daughter at 13, stole top secret documents as a senator, sold the country out to Russia, China, Romania, Iran, and any other country that was willing to pay his family. He also helped start the war in Ukraine and Israel. Pass it on. Don‚Äôt vote 4 a pedophile",0,2024-06-12
252,1801035413169090843,@RealAlexJones This guys a gdamn ass hat. Impeach him. He's not doing ANYTHING good for Americans. It's just been one big Biden show as America has swirled down the toilet. The democrats are just pieces of poop that won't flush,1,2024-06-12
253,1801033260543230240,@BreannaMorello The GOP is too spineless to go through with it.,0,2024-06-12
254,1801348132531540117,"SCOTUS Clarence Thomas took 3 undisclosed trips on private jet provided by GOP megadonor, Senate committee says. 
One of trips: Indonesia
$4.2 million in gifts that wasn't enough for Justice Thomas, with three additional trips,"" Dick Durbin said

https://t.co/K1SsRK6r8w",0,2024-06-13
255,1801036671657377934,"@TWLadyGrey Besides, military aid to Azerbaijan was already a pre-existing problem dating back to Bush. Biden didn't invent it.
Also, 100 million is such a measly amount compared to the billions sold to Aliyev by Russia for over a decade.",1,2024-06-12
256,1801035291211309288,@JoeBiden Trump will appeal all of the cases from the corrupt Biden Kangaroo courts and then deduct all of the lawyers fees as business expenses! Biden hired 87000 armed tax collectors to come after the American middle class! The extreme MARXIST democrats HATE YOU!,0,2024-06-12
257,1801019654086803935,@giablomi @TheEXECUTlONER_ No. It's Democrats saying the GOP will cut these things.,2,2024-06-12
258,1801011631142408332,@mmpadellan I love the Biden unconditional love policy.,1,2024-06-12
259,1801008174482305127,@Morning_Joe @JoeNBC Then Trump should talk about all the crimes on the laptop Benedict Joe Biden is involved in!,0,2024-06-12
260,1801031885096661305,"@StevieStev19828 @MaDhATter1585 @Acyn Don‚Äôt blame us because you only finished high school. Economy is fine, more jobs than ever, some of the lowest unemployment ever. I‚Äôm always in awe of the fantasy babble from the unintelligent voter. 

Stupid is the only advanced class MAGA would ever qualify for lol.",0,2024-06-12
261,1801030464355938568,@kangaroos991 Biden is the greatest threat to the United States. The left have either failed to recognize the Marxist ideology being ushered in or they believe Marxism should be the government of America. We live in a free country for now because millions have died to keep us free and safe.,0,2024-06-12
262,1801348141591183728,"@highbrow_nobrow The GOP has no interest in actually governing the country, they just want power.",1,2024-06-13
263,1801002950090805678,"https://t.co/swjjNbvBT6
Bombshell Report Reveals Team Trump Is Rewarding Key Trial Witnesses. A new report shows witnesses who testify at Donald Trump‚Äôs criminal trials are receiving some very nice financial perks. #witnesstampering",1,2024-06-12
264,1801014839814295711,"@ElonMuskAOC Trump can defeat Biden. However, Biden will withdraw from seeking the Democrat party presidential nomination. 

Before Christmas 2024 Biden will pardon his son Hunter. Eithe way, withdraw or defeat Biden will not reside in the Whitehouse after January 2025.

Right?time will tell.",0,2024-06-12
265,1801001419715072279,@Lynn52674523 It WAS optional. Not anymore,1,2024-06-12
266,1801028419552952497,"@AstorAaron Voter turnout.

1/3 of the GOP voters didn‚Äôt show up yesterday, compared to the March 19th primary - roughly 30k less.

Dem turnout was also less but only by something like 3500 voters.

The swing to the left is likely not as significant but it definitely still exists.",2,2024-06-12
267,1801006601957937226,"@zoeharcombe Is it the guy talking to Biden via an earpiece while sitting backstage in his sweats?
https://t.co/VUmKZcDuJW",6,2024-06-12
268,1801036982937698572,"Well, Mark, assuming the photo is real, it‚Äôs typical of MAGA like you to confuse patriotism with flag waving while in real life praying at the altar of a Traitor like your fuhrer, trump. America is beautiful but you people degrade it daily with your white nationalist actions",5,2024-06-12
269,1801019435043430746,Another treasonous act is that he informed China that he would let them in on what Donald Trump was doing or planning. Let the Military Tribunal start with him first.,0,2024-06-12
270,1801347850627928225,"@DDaffyTrump What a clown‚Ä¶ the world is a stage.. #maga #DTRUMP $DTRUMP #solanacoin 

Quack ü¶Ü Quack ü¶Ü Quack ü¶Ü Quack ü¶Ü https://t.co/UTF8Hf2l7b",1,2024-06-13
271,1801025107202101735,@MikeyMike1559 He'd promise to drop his pants in Times Square if he thought he could get a vote and MAGA would love it.,1,2024-06-12
272,1801040682322149718,"@IndyXXC @GuntherEagleman Hahaha! Exactly.
Krassenstein likes to stalk Gunther.",2,2024-06-12
273,1801031409315823930,@RepRaskin Well Joe Biden just said there couldn't have been an insurrection on January 6th because it would take f-16s.,0,2024-06-12
274,1801013610837053606,"@TWLadyGrey He never had to be vocally pro genocide. He chose that.

Biden has done good things, but I don't understand why you people feel the need to be apologists for the genocide. Literally all you achieve is pissing off the people you want to convince to vote for him.",0,2024-06-12
275,1801349990868259277,"@JoJoFromJerz Biden admin is not properly vetting illegal aliens, government watchdog finds: 'At risk of admitting dangerous persons'
https://t.co/RvQn8VGEDV",0,2024-06-13
276,1801348256880115995,@GOP Don't forget this: https://t.co/69ldGDTYwW,11,2024-06-13
277,1801002734327328792,"@Nyscat @stationmum101 Broken Hill is the same, was the ultimate union town. Trades Hall was called the Kremlin. Went too far, they controlled everything, low productivity. 
Powerless now. 
National Party Federal, Conservative IND state.",1,2024-06-12
278,1801027253851115937,@NoahPollak A tiny fraction of the over $100bn in sanctions non-enforcement the Biden admin has rewarded Iran with.,0,2024-06-12
279,1801039926823444770,"Why Is Biden Going to Europe Twice in a Week?: The White House won‚Äôt say, but the politics seem clear: Three down days in Europe ‚Äúmight not look right.‚Äù https://t.co/LAAOipfppB https://t.co/J9aFXNWyFx",0,2024-06-12
280,1801041639219073125,"@Likeshesays Plastic surgery does wonders - but different ears?
Biden died in 2018",0,2024-06-12
281,1801014361156108504,@MAGA_Ranger @_wake_up_USA OK projection anyone....so fucken transparent.  Get your own ideas,0,2024-06-12
282,1801038674454548987,"Remembering Bulgarian Communism in Washington, D.C.: The Victims of Communism Museum (VOC) Tuesday unveiled a new pop-up exhibit entitled, ‚ÄúBelene‚ÄìA Bulgarian Resistance Story.‚Äù This effort was spearheaded by the Sofia Platform Foundation with‚Ä¶ https://t.co/Gn6blMwEhn #Trump2024 https://t.co/NqDDMuJAPh",0,2024-06-12
283,1801002107279147377,@Trevor_Allan_1 Every sewage treatment plant in America has broken down. We've got maga up to the knees.,0,2024-06-12
284,1801039495195713691,@Breaking911 Does anyone trust Biden to handle this?,0,2024-06-12
285,1801012777927987655,"@VivekGRamaswamy You're a joke

The whole @gop #maga cult is an absurd insane group of swamp goblins bent on full control and exclusive power being in the hands of white old men and that's not you

Everything is rigged if they don't like it

It's a sham if it's bad for them

But when they win? https://t.co/YqmWJnjw4N",0,2024-06-12
286,1801003072509862068,@elonmuskADO Absolutely the great Donald Trump will always have my support. He‚Äôs my president and always will be my president.,0,2024-06-12
287,1801002512549310950,We used to just drop these folks off at the loony bin.,0,2024-06-12
288,1801350103883448817,"Trump flaunts GOP unity after meeting with Republican Senators

https://t.co/2GIf37i02w https://t.co/WqDHYLiemO",3,2024-06-13
289,1801349048076534250,@BidenHQ You‚Äôre trying to gaslight us when Joe Biden is the feeble one here,0,2024-06-13
290,1801347861902438604,@nalutece @BidenHQ The primary difference between all the other people in the photos you have shown is none of  them have had two very serious brain aneurysm and two brain surgeries that significantly compromised the blood flow to their brains. Biden is obviously suffering from significant and,0,2024-06-13
291,1801007970513228083,@JoeBiden Prices as measured by the seasonally adjusted Consumer Price Index (CPI) are now up over 19.4% in the three-plus years since Biden took office.¬†¬†Biden's big inflation problem: Prices are now up nearly 20% since he took office  https://t.co/YPadPz6yHK,27,2024-06-12
292,1801032143939698695,Hunter Biden was up in a helicopter above it taking in all that smoke.,0,2024-06-12
293,1801034553353507178,@BurninTRanch I loved this speech one of the best EVER!!,5,2024-06-12
294,1801035079202087076,"@JoeBiden Everything you're saying Joe Biden. You are a liar you're the one that wants to do all this. So stop lying to people, you piece of garbage.",1,2024-06-12
295,1801035752467505259,"I would sue the school.

California middle schooler, sisters booted from private school over 'spirit, patriotism' election speech, mom claims https://t.co/NZR692CD6G via @nypost",0,2024-06-12
296,1801010051492024672,@Logically_JC ‚Ä¶.like‚Ä¶ you are not a bad person ‚Ä¶ karma and maga do not mix,0,2024-06-12
297,1801029924657987930,@SPMiles42 No private farms are Biden's climate policy.  Fake food?,0,2024-06-12
298,1801035303869632633,@TheOfficerTatum Y‚Äôall Maga cultists cried about fake news for years just to be fake news spreaders üòÇü§£üòÇ the irony and hypocrisy üíÄ,0,2024-06-12
299,1801015800251244821,@GOP Orwell was off by 40 years. Todays GOP. https://t.co/rmIxf42D7T,0,2024-06-12
300,1801007073359958097,"@Mugwortcircle @James_Goa @TdLeaker They at least had managed the immigration during the Harper years our numbers were a fraction of current. But I personally don‚Äôt even think we have a Conservative Party, we have liberal and liberal light with blue ties",2,2024-06-12
