Annotation_Id,row_id,post_type,text,V1,V2,V3,V4,V5,V6,V7,V8,total_score,reason,date,annotation_session,
1,1,reply,@varadmehta LOL. Yet Matt Gaetz is a MAGA hero .,2,1,1,2,1,1,1,2,11,"Mocking tone. Includes emotion/exaggeration across categories involving partisan toneMatt Gatez is a far right politician aligned with trump and has allegations of sexual activity a minor. No support for violence, undemocratic practices, generalized distrust, or social distancing.",19/02/2026,1,
2,2,reply,@evan_kapitansky You are right. Love from a conservative lady from Sweden. I love NYC btw 🥰,1,1,1,1,1,1,1,1,8,"Context unclear, but from the reply seems friendly.",19/02/2026,1,
3,3,tweet,"In my opinion, The Trump administration could find a strong woman in this individual. She is well articulated and has a great insight on what is going on and has solutions on how we can fix America. #MAGA https://t.co/mcbDGaieZD",1,1,1,2,1,1,1,1,9,"About Tulsi gabbard: She is a right wing poltician linked to being sympathetic with authoritarian regimes.  Tweet isn’t emotional or aggresive, but the candidate in question  is. ",19/02/2026,1,
4,4,tweet,Harlan Crow helped fund Swiftboating. Trump campaign continues that legacy in Walz attack,2,1,2,1,1,2,1,2,12,"Swift boating refers to smear campaigning. user seems to be accusing Harlan crow of smear campaining Walz, VP candidate",19/02/2026,1,
5,5,reply,"@mirandadevine @MariaBartiromo We need to out vote the cheat and have every single polling station & ballot drop box exhaustively monitored and every mail in ballot scrutinized 
@LaraLeaTrump’s #RNC has ~157,000 on board volunteers. Most have received training the others getting trained. More coming",3,3,1,1,2,3,2,2,17,"Cheat = Harris. Seems to have distrust towards votes for Harris’, the Harris campaign",19/02/2026,1,
6,6,quote,"Reason not to vote for her.
She’s a threat to our Republic!
#Trump2024",2,1,1,1,1,2,1,1,10,Conetxt not totally clear but clear negative emotion to opposing candidate,19/02/2026,1,
7,7,quote,"#MAGAMoron and #antisemite @GOP candidate, #RoyceWhite won his primary in #Minnesota.  
#VoteBlueDownBallott 
#VoteBlueAsifYourLivesDependonit 
#VoteBlueToStopACriminalDictator",3,1,1,1,2,2,1,2,13,"Clearly very dem, hatred to rep candidate Royce white",19/02/2026,1,
8,8,reply,"@Used_To_Be_GOP Yet, it's a them and not a you problem?

You sound mentally ill.",3,1,1,1,2,2,1,1,12,Hatefukl language to whoever they are replying to ,19/02/2026,1,
9,9,quote,Sincerely asking...why don't ppl research these things? A quick Google search will show they are protesting at Trump/RNC events often with bigger numbers than Kamala/DNC events,1,1,1,1,1,2,1,1,9,"context also slightly unclear, seems some irony and confusion involved. Talking about google researching facts, rather than word of mouth perhaps   ",19/02/2026,1,
10,10,tweet,"lol gop “They brought Mitch McConnell into the greenhouse, and they sent every single Hispanic worker home before he got there,” Hester said. “He then proceeded to have a speech about how we were taking the jobs from the Mexicans.”",1,2,1,1,1,2,1,2,11,Quote from cnn report detailing poor working and safetey conditions and reliance on foreign labout at app harvest ,19/02/2026,1,
11,11,tweet,🚀 Check out MAGA Hat $MAGA prices @CoinGecko!✨🦎 https://t.co/nNFB4Fyrxm https://t.co/W39N1oiC5n,1,1,1,1,1,1,1,1,8,maga merch and crypto coin ad,19/02/2026,1,
12,12,tweet,"The fact that they decided to publish Hillary Clinton’s emails in 2016 to support Donald Trump, and decided not to publish Donald Trump’s emails in 2024 to support Donald Trump, shows exactly what is terribly wrong with our political mainstream media. 

- Andrea Junker",1,1,1,1,2,2,1,1,10,quote about the double standards of leaked email publishing during the 2016 and 2024 capaigns,19/02/2026,1,
13,13,tweet,"Trump & MAGA politics crushes by far the Harris & Waltz traitors
 https://t.co/Xo5msZZ1iy",2,1,1,1,2,2,1,1,11,,19/02/2026,1,
14,14,reply,@DennisMSwanson1 @GOP America has never been a nation. https://t.co/CmUtFsLeBK,2,1,1,1,1,1,1,1,9,Image refernce is of the American continent,19/02/2026,1,
15,15,reply,"@Phil6741400 @eyeslasho @TheFP @Quillette Yet ""maga"" is ""low wit""",2,1,1,1,1,2,1,1,10,Retaliation to ,19/02/2026,1,
16,16,reply,"@ofreacharound Apparently it’s been known in MN. CSM Behrends and other Guardsmen have been talking about it for years & the GOP candidate brought it up during the 2022 election. MN media is Dem-run so it was largely smothered, but now that Walz is on the national stage it’s harder to hide",2,1,1,1,1,2,1,2,11,Mn media - Minnesota news,19/02/2026,1,
17,17,reply,@VP is running the same campaign that @POTUS #SleepyJoe ran in 2020. Hoping that the American people blindly vote for her. It’s time to wake up and make America great again. GO VOTE!! @realDonaldTrump @X @elonmusk #MAGA #MAGA2024,2,1,1,1,1,1,1,2,10,,19/02/2026,1,
18,18,reply,@ericsuniverse @amyforsandiego @BillMelugin_ the trump supporters in LA county? That massive voting block? What the reporter should know is that the number of people who are completely closed to voting for a Trump supporter far out number folks who are in the maga cult. Especially in LA county.,2,1,1,1,1,1,1,2,10,Talking about how a news reporting is reporting inaccurately about the scale of maga supporters,19/02/2026,1,
19,19,reply,"@daviddunn177 @Acyn she's so cute, too bad she sold her soul to the evils of the GOP",2,1,1,1,1,3,1,2,12,Evils of GOP could be seen as quite a biased sentiment,19/02/2026,1,
20,20,reply,@RpsAgainstTrump Still enjoying this you MAGA freaks??? Is there literally anything he can say that will make you realize what a horrible person he is?,2,1,1,1,2,2,1,2,12,Insulting trump supporters,19/02/2026,1,
21,21,reply,"When Obama took over the republicans had run the economy in the ground, the banks had failed. Obama bailed them out. The automobile industry had failed Obama build them out. Donald Trump inherited a good economy.  from Obama, that's a fact.",1,1,1,1,1,1,1,2,9,,19/02/2026,1,
22,22,reply,@Acyn Is this the point where MAGA heads start exploding!!??,2,1,1,1,1,2,1,1,10,Mocking maga supporter for context unknown,19/02/2026,1,
23,23,reply,"@four4thefire sometimes things really are as simple as ""we can dog walk the GOP in front of the entire country by filling both convention arenas at the same time""",1,1,1,1,2,1,1,3,11,,19/02/2026,1,
24,24,reply,@EWErickson @tmccormick1 You’re lamenting the fact that the GOP is just grifting to line their pockets while simultaneously bragging that you’re giving money to the guy responsible for all the grifting so he can pay his legal bills. Hilariously out of touch,2,1,1,1,2,2,1,2,12,,19/02/2026,1,
25,25,reply,@GOP Trump has been bragging how amazing Venezuela is doing though. He keeps bragging their crime in way down. 😹,1,1,1,1,1,1,1,1,8,,19/02/2026,1,
26,26,quote,"He's a Veteran with 24 years of distinguished service. No one can taint that or take it away. MAGA is desperate to shift the narrative away from the couch boy who barely put in 4 years. Nice try, I'm with @GovTimWalz every step of the way until he is our Vice President.",2,1,1,1,2,1,1,2,11,,19/02/2026,1,
27,27,reply,"@FoxNews 🤦🏻‍♀️

Trump MAGA ⬇️ https://t.co/6CZxJIbC2V",1,1,1,1,1,1,1,1,8,,19/02/2026,1,
28,28,reply,@TONYxTWO Same ole’ Same ole’ Same  ole’ lies.   Satans not very clever.   Same playbook.  Never anything new.   Patriots don’t fall for any of this crapola!   THE END. #GodWins #MAGA #45-47 #NCSWIC 🎥🎬🍿,2,1,1,1,1,3,1,1,11,context unclear,19/02/2026,1,
29,29,reply,@SteveLovesAmmo Hell yah! The felon and the hillbilly! Trump 2024! 💯,3,1,1,1,3,1,1,1,12,Emotional language referring to Harris and walz,19/02/2026,1,
30,30,quote,"It's been about 30 minutes, what's Hogg and Thornburg been up to today at 3:58 Mountain time on this fine Tuesday? I'll check back when the media is unemployed or #MAGA!",2,2,1,1,2,2,1,1,12,,19/02/2026,1,
31,31,tweet,Donald Trump’s campaign. https://t.co/mQTedylMco,1,1,1,1,1,1,1,1,8,,19/02/2026,1,
32,32,reply,@MTGrepp I don’t want Donald Trump to do this stuff because they’ll say see he’s coming after his enemies and that’s all the media will say so it needs to be a bipartisan independent agency investigating every January 6 person that went after an imprisoned innocent people,1,1,1,1,1,1,1,1,8,,19/02/2026,1,
33,33,quote,FKH and her buddy FJB … and her “weird matey”… !!! NOPE not buyin’ it..!,2,1,1,1,2,2,1,1,11,"context unclear, but clear skepticism and distrust ",19/02/2026,1,
34,34,reply,@marla_vous That is the MAGA nominee. A populist authoritarian organization. The GOP died in 2020. 1 down 1 to go.,3,1,1,1,3,1,1,1,12,,19/02/2026,1,
35,35,quote,If Donald Trump loses this election this Country is finished as we know it.,2,1,1,1,1,2,1,1,10,,19/02/2026,1,
36,36,tweet,"Wow, MAGA supporters walking on Donald during a speech was awesome to see. 

They know they’re  even conned.",2,1,1,1,1,1,1,1,9,,19/02/2026,1,
37,37,reply,@stillgray Do you know how many friends I've lost in my turn to conservative for the reasons this dumb b***h epitomizes?! I'm fucking moving in part bc if it and this pariah decides there's more money in J*w bating low iq mud snakes. Ffs!,3,1,1,1,1,3,2,1,13,Anger towards losing friends to conservative party but also anger about the democratic candidate,19/02/2026,1,
38,38,reply,@MAGA_TheMoon Realy...,1,1,1,1,1,1,1,1,8,Not a super illuminating response,19/02/2026,1,CAN DELETE
39,39,reply,@BettyBowers I think less quid and more Riyals. But now we know who are back rolling Trump and the RNC (I refuse to call it the GOP. There's nothing greens about it).,1,1,1,1,1,3,1,2,11,Skepticism and insinuation about funding of maga party,19/02/2026,1,
40,40,reply,"@GaryWalters66 @IRAtheGhostARI Problem is Gary, they aren’t going to investigate themselves. They’re all corrupt. Another problem is they think we’re work for them, they work for us. They forgot that part. We may need to do something if 24 goes south. I hope not.
Trump24🇺🇸",2,2,2,1,2,2,2,1,14,Insinuating that if things dont go in they way of his party something may have to be done …,19/02/2026,1,
41,41,reply,"@YourAnonNews (MAGA) Make America great again is a movement, not a party nor a group. Its the Republican party",1,1,1,1,1,1,1,1,8,Just stating that maga is a movement ,19/02/2026,1,
42,42,reply,"@ruffydfire The only flaws in Trump are personal flaws. Donald Trump is a pervert, Donald Trump is a felon because of tax evasion. Can you talk about his performance as a president of America and how it impacted the lives of the American people. He without sin should cast the first stone.",1,3,1,3,1,1,,2,12,"Refers to illegal things that trump has done and yet still shows his support for him as candidate , confusing ",19/02/2026,1,
43,43,reply,@MattWalshBlog @RealBrysonGray Make America Great Again Country - Donald Trump AI is better.,1,1,1,1,1,1,1,1,8,maga support tweet,19/02/2026,1,
44,44,reply,@galacticaactual This is one of the many reasons we have the 2nd Amendment in the States. The want us to be compliant little slaves. Absolute power corrupts absolutely so we can't give them that power over us. They work for us not the other way around. #MAGA,3,1,1,1,3,2,1,2,14,Stating that dem party wants American people to be slaves ,19/02/2026,1,
45,45,reply,"@Orangadan1 @iamharaldur One can both believe in socialism and be resistant to change (conservative). The two are separate considerations. The Nazis were highly conservative, they hated the changes they saw in German society and wanted to wind back the clock.",1,2,1,2,1,2,1,2,12,"unsure of the sentiment of this message, and whether they ahve support for the nazis?",19/02/2026,1,
46,46,reply,"@MTGrepp NIKKI  SAYS';  TRUMP DOESN'T QUALIFY FOR PRESIDENT,' BUT SHE DOESN'T  CARE ABOUT AMERICA PEOPLE  SHE CARE ABOUT HER JOB.SAME ALL GOP TRUMP'S  SLAVES. SO SHE IS VOTING FOR SOMEONE  DOESN'T  QUALIFY. THIS IS GREAT . https://t.co/FJ3JrirnB5",3,1,1,1,1,2,1,2,12,"Distrust in NIkki, not grounded in fact . Refers to republicans as trumps slaves ",19/02/2026,1,
47,47,reply,@Concern70732755 You are just making things up to suit your incredible conservative bias.,3,1,1,1,2,1,1,1,11,Retaliating to a conservative user about the misleading content of their tweet using empotional language ,19/02/2026,1,
48,48,tweet,".@megynkelly you spray out your #Trump @GOP cult #propaganda, while The Huckster himself (incl his latest, unhinged @AI generated crowd imagery lies) is fully, publicly, displaying his “mental health” issues & uncontrolled pathologies. He IS running for #USA president! #democracy",3,1,1,1,1,2,1,2,12,Lots of emotional language referring to a candidate on the rep party,19/02/2026,1,
49,49,reply,@RKGold @TheJordanRachel Like all Trump supporters😂😂😂😂 the Donald Trump reform immigration to make it harder to work illegally?,1,1,1,1,1,2,1,2,10,Donaly trump immigation reform questioning ?,19/02/2026,1,
50,50,quote,"the HAMAS wing of Congress must go....
same with the MAGA wing.....",2,2,1,1,1,3,3,2,15,"Referring about a change in candidates, speculating about a Hamas wing ?",19/02/2026,1,
51,51,reply,"@GOP_Democracy @SykesCharlie @daveweigel No, they’re in a cult",3,1,1,1,2,1,1,1,11,Name calling,19/02/2026,1,
52,52,reply,"@thetrueshelby These are actual MAGA posts and billboards.

Mike Fuckabee AKA Mike #Hypocrite https://t.co/X2RnmBgEQF",2,1,1,1,1,1,1,1,9,Animosity aimed at MAGA campaign posters,19/02/2026,1,
53,53,reply,@Lynnebf_2846 @RNC They are liars.,2,1,1,1,1,1,1,1,9,"Context unclear, but accusations of lying ",19/02/2026,1,
54,54,reply,"@N00saGirl Yep! Funny how Kamala's ""platform"" is finally dropping next week—right after the Trump hack news. Coincidence? Maybe she just needed some ""inspiration"" from the GOP. Plagiarism runs deep in the Dems, and Kamala's just keeping the tradition alive.",3,1,1,1,1,2,1,1,11,"Speculation that Kamala is copying rep. campaign, angry tone",19/02/2026,1,
55,55,reply,"@goddeketal I used to have Eric Carmen follow me. He was a great singer, and a great conservative.",1,1,1,1,1,1,1,1,8,No AAPA language used,19/02/2026,1,
56,56,reply,@elonmusk we love Donald Trump to be President of USA. Elon Musk is a special guest of honor.,1,1,1,1,1,1,1,1,8,"Support towards Trump and Musk, no AAPA language",19/02/2026,1,
57,57,reply,"@heatfan_YG71 @RepMTG Probably true because in this case, the “no matter what“ happens to be Donald Trump.",1,1,1,1,1,1,1,1,8,No AAPA language used,19/02/2026,1,
58,58,reply,@highbrow_nobrow @AccountableGOP Deflect & Deny. That should be the new MAGA motto.,2,1,1,1,1,1,1,1,9,Clear animosity to MAGA supporters,19/02/2026,1,
59,59,reply,"@RpsAgainstTrump @seatedinperil My favorite was #26, truly gives the perspective of the enormity at stake https://t.co/SWG4a73VUf",1,1,1,1,1,1,1,1,8,No AAPA language used,19/02/2026,1,
60,60,reply,"@GuntherEagleman it started cause the white man didn't like seeing a black man become commander in chief. it's how we get to project 2025, Trump puppet wants to implement..    but gop Maga supporting an old weak man who yells on X and rambles wil be disappointed just like his loss in 2020.",3,1,1,1,1,1,1,1,10,Clear animosity to Rep. party and supporters,19/02/2026,1,
61,61,reply,@akafacehots Yeah Yeah yeah and Hillary’s emails…  MAGA  ploys  are  so predictable and  stale.,2,1,1,1,1,1,1,1,9,Clear animosity to MAGA,19/02/2026,1,
62,62,reply,"@RonFilipkowski That's more than weird, that's a threat. Can you even imagine a time before MAGA where someone would drive down the road with something like that on their vehicle? 

Trump and his followers have changed America for the worse.",3,1,1,1,1,2,1,1,11,Clear animosity to MAGA and distrust in them,19/02/2026,1,
63,63,reply,@JaniceTibbetts1 @quadcarl_carl @patriotmary4 @realDonaldTrump I did Google it and Yahoo Finance tells a completely different story. It states Trump will leave it unchanged and the retirement age will not be changed either. Nikki Haley had proposed that.,1,1,1,1,1,1,1,1,8,No AAPA language used,19/02/2026,1,
64,64,reply,"@pr0ud_americans @NowPammsy Nooooooo!!!  Then I won’t be able to wear my 45,47 SHIRT!!  lol😅😂because then Trump will be 45,48!!!",1,1,1,1,1,1,1,1,8,No AAPA language used,19/02/2026,1,
65,65,reply,"@deanteamscene @DocNetyoutube Regardless, it says if Merchan denies the motion for dismissal, Trump has a right to file an interlocutory appeal immediately to SCOTUS… they won’t appreciate a lower court trying to say, “well, we only used a sliver of Presidential immunity activities to prosecute Trump”.

😉👍🏻",1,1,1,1,1,1,1,1,8,No AAPA language used,19/02/2026,1,
66,66,reply,@DefiantLs If she gets a Donald Trump trial that’s fixed and corrupt she’ll probably get awarded $50 billion. if she gets an actual real trial will find out that she has an XY chromosome and other juicy details that will damage her reputation and possibly lose her gold medal,,,,,,,,,0,,19/02/2026,1,
67,67,reply,@RonFilipkowski When republicans screw up they sue like all losers. They rarely win and usually cry in the media first.,3,1,1,1,1,1,1,1,10,Clear animosity to Republicans,19/02/2026,1,
68,68,reply,@_johnnymaga Forced enthusiasm,1,1,1,1,1,1,1,1,8,Neutral comment,19/02/2026,1,
69,69,reply,"@ChrisDJackson @JohnJoh10388787 @POTUS @JoeBiden Trump was a great President! We need four more years of low interest rates, affordable food and gas prices, and no wars. A very likeable, badarse, and seasoned business man. Love Trump! MAGA’s very best to you! Trump to bring America out of the ashes. 🇺🇸❤️🔥✝️🙏👏🇺🇸",1,1,1,1,1,1,1,1,8,"Pro-Trump tweet, very partisan but no AAPA lanugae used",19/02/2026,1,
70,70,reply,"@90sLoverMissIt MAGA hates conservatives. I’ve lost count of the number of Trump supporters who believe that DeSantis is a fascist, far-right extremist, authoritarian, or anti-women.",2,1,1,11,1,1,1,1,19,"There is language that would detected partisan animosity but it also seems to come from the same party, none the less exxaggerated language used",19/02/2026,1,
71,71,reply,"@krassenstein @PKurzin ""Shit Pivots"" as they say in the tech world. If the GOP was blindsided by the fact that a 80-year-old guy may drop (or worse)out of a presidential race why the hell would we put them in charge of the nuclear triad? ""I was caught unawares"" -not the right answer from a president.",2,1,1,1,1,1,1,1,9,Animosity detected ,19/02/2026,1,
72,72,reply,"@SicCoP1 This is exactly how they get simplistic and naive people. They make you think its a simple transparency issue, meanwhile you have no clue who or what you re really supporting, and what will happen. It's like 'Save the Children"" of maga trolls, who wouldn't want to save them! 🙄",3,1,1,1,1,2,1,1,11,"Attack on voters of the opposition, calling them ‘simplistic and naive’ no explicit anti-democratic advocacy but skepticism against other other partisans is clear",19/02/2026,1,
73,73,reply,@TheRichFromCali If we had an AG Donald Trump would be  going to jail.,2,1,1,1,1,1,1,2,10,Speculative phrase on Trumps legal standing. Negative tone.,19/02/2026,1,
74,74,reply,"@GOP Why debate when you are in the lead.
Just ask Trump....",2,1,1,1,1,1,1,1,9,Mocking tone “Just ask Trump…”,19/02/2026,1,
75,75,reply,@realJennaEllis MAGA hates you. We hate you. Just go away.,3,1,2,1,2,2,2,1,14,Emotional and aggresive language towards a MAGA oppositition user.,19/02/2026,1,
76,76,quote,"@emilthrockmore @MikeSington Here are multiple angles and videos MAGA 🤡🤡🤡's:

https://t.co/EykCo3fvZI",2,1,1,1,1,1,1,1,9,Name calling of opposition “MAGA clowns”.,19/02/2026,1,
77,77,reply,"@Socket1Sophie Did a news feature back in the 80s when there was the switch from DHSS to Housing Benefit. 
We had a property company and met the Conservative Minister in Parliament to try and sort the shambles.",2,1,1,1,1,1,1,1,9,"No explicit anti-democratic advocacy or attacks on opponents. But is referring to some state of affairs as a “shambles”, context not super clear but seems more like a comment than an attack.",19/02/2026,1,
78,78,reply,"@elonmusk @AutismCapital After the assassination attempt I did a Google search. 

Could not find a conservative outlet but I found two or three links to Al Jazeera...

Been using Duck-Duck-Go a little more since then",2,1,1,1,1,2,1,1,10,Distrust towards media outlets,19/02/2026,1,
79,79,reply,@atensnut No that's what they performed on Donald Trump after his fifth scourge child,2,2,1,1,1,1,1,2,11,Using strong language “scourge child” ,19/02/2026,1,
80,80,reply,@realLizUSA Holy crap. The RNC actually did something in support of election integrity. This is a first.,1,1,1,1,1,2,1,1,9,Disbelief at RNC indicating some social distrust in this institution. ,19/02/2026,1,
81,81,tweet,Abortion  is already illegal in 1/3 of states because of Donald Trump. We can’t let the GOP fill any more seats until Trump is history ... https://t.co/yU3j0UvzuU via @YouTube,2,1,1,1,2,1,1,1,10,Anti partisan tone to republicans due to anti-abortion policies,19/02/2026,1,
82,82,quote,The DNC Convention is helping Trump 😂🖕🏼🇺🇸 #MAGA #Trump2024IsTheOnlyChoice #DemocratsAreDestroyingAmerica,2,1,1,1,1,1,1,1,9,Middle finger emoji - mocking language. Positive partisan alignment with trump but aggresive tone,19/02/2026,1,
83,83,tweet,"Donald Trump golf course set to have the highest green fees on the planet in 2025

#Trump #DonaldTrump @TrumpTurnberry @TrumpGolf 
https://t.co/ajbOiCEaHN",1,1,1,1,1,1,1,1,8,"About Trumps golf course, no partisan context",19/02/2026,1,
84,84,reply,@The_Real_BiM @terrymbs2 @AdorablePodcast @RossGilroy @memequeenkimmy @SecularSmurf @OsingaPeter @America1Eagle1 @TreatHunterDog @56tweets4 @petewoodward0 @OnlyaMoment3 @hellosf77 @NewfMom29 @edielizzard1 @L331024 @zypisfy @scottstocker4 @ReganLieutenant @EMNODAERTTONOD @IZMKS44 @Jetson77 @UndeC08 @justasimplema20 @BettyBoop8209 @Woody4123 @BuckSatanLives @Missy10013Kathy @AdamTarver6 @cherylhart00 @carolyn_from @NatashaForTrump @TastyMorsel6 @mccuan_lois @Sofie_Z1 @AnnoyedTaurus @Theresa51332 @MsPeabiddy @bubba6186422393 @GnosticMessiah @lucy_neuwirth @BobBComedy @ThereseOSulliv2 @RaylynCurtis @RightDaisy @doggebukser @GrishamHun11462 @zipthwung @warmachineofgod sore loser... Trump and his kult of maga morons is DONE... https://t.co/m2oVznwFzn,3,1,2,1,1,1,1,1,11,"Extreme partisanan animsoity to MAGA supporter “kult” , emotional language but no anti democratic rhetroic more hatred to other party",19/02/2026,1,
85,85,reply,@the_1_Barber @brui4ns1 @JoeyMannarinoUS Trump is a scumbag. Been that way since the 80s. He's not fit for any public office bc he's not about serving others. He's about himself. He and Maga cult will be studied in future yrs to determine how he manipulated so many to join his movement. It truly is a psychological study,3,1,1,1,1,1,1,2,11,"Criticizing Trump’S character and his supporter, no anti democratic rhetoric but severe animosity towards opposing side. ",19/02/2026,1,
86,86,tweet,If y'all are an American and a Christian. Y'all will vote for Donald Trump.,1,1,1,1,1,1,1,1,8,"Positive partisan alignment comment with MAGA showing support, positive language.",19/02/2026,1,
87,87,reply,@RosenforNevada Trump2024,1,1,1,1,1,1,1,1,8,"Positive partisan alignment with Trump, no AAPA language",19/02/2026,1,
88,88,reply,"@rattlecans I wrote a piece - a little bit touching on this exact subject- for my Substack a while back. In that I was decrying the demise of this fine old English conservative tradition, being replaced by Farage empty US populist shite.
The English tradition of conservatism is shrivelling",2,1,1,1,1,1,1,1,9,"Comment on conservative party turning more populist, this could be a comment from the same side, however definitely some animosity",19/02/2026,1,
89,89,reply,@DWPippy It seems he also owns several members of the GOP Congress.,2,1,1,1,1,1,1,2,10,Speculation of candidate support “owns”. ,19/02/2026,1,
90,90,reply,@lsferguson Yes you are right! I feel the same way Steve! I pray @realDonaldTrump wins! Our Country is in Bad shape because of the MSM and corrupt politicians from the evil traitors in the Deep State communist @DNC and RINO @GOP ! Patriots who love our great Country will vote for Trump!🙏🇺🇲 https://t.co/slOonOY6Zf,3,1,1,1,2,2,1,1,12,"Positive partisan alignment with Trump, negative language towards other “evil” party, distrustful tone towards the Dems. ",19/02/2026,1,
91,91,reply,@RealCandaceO The problem is that Progressives are a moving target and the GOP are slow to adapt. The right still operate as if it is still a contest between Republicans and Democrats. Fortunately Progressives react like super-balls in a small room. Quirky but manageable.,2,1,1,1,3,1,1,2,12,"Discusses partisan dynamics with a clear political stance and uses exaggeration, but does not reference specific contested factual claims. Comment is more of a claim that the progressives are ‘manageable’, rather than supporting any antidemocratic or violent behaviour",19/02/2026,1,
92,92,reply,"@AmericaPapaBear She’s not Donald Trump.
I say this frustrated.. because I’m a huge Trump fan.
Trump needs to shut up and be optimistic",2,1,1,1,1,2,1,1,10,“Trump needs to shut up and be optimistic” shows that there is a sense of distrust in his claims. This seems to be more of a statement from a supporter within the same partisn group,19/02/2026,1,
93,93,reply,"@GNQ__ MAGA brainwashing ok.

The problem is, you see 99% of current issues through the lens of your own sexuality and ignore everything else. You’re young. You have a lot of maturing to do.",3,1,1,1,2,2,3,1,14,"Exxagerated language towards user of opposing view. no really violent or aggressive language. Broadly questions the target’s judgment and maturity, using dismissive and exaggerated claims, which signals distrust and contempt.",19/02/2026,1,
94,94,reply,"@MichaelSteele @susanrwncomau @MichaelSteele you are not a Conservative not a Republican, & not even a RINO.  You're just trying to take over for Mitt Romney and get some attention as the 'conservative' CNN hauls out with their propaganda.  It's shameful and disgusting.",3,2,1,1,2,2,1,2,14,No endorecement for undermocratic practises or violence. Questions the reliability of CNN and candidates political intentions. Use of exxagerated language about the topic. No sources or factes stated,19/02/2026,1,
95,95,reply,"@texan_maga Why call it MPOX and not Monkey Pox? 
 Remember those monkeys that escaped in PA??  They were being transferred from one laboratory to another when the truck wrecked and they issued a state of emergency over it until all the monkeys were caught dead or alive???  Just",2,1,1,1,1,2,2,3,13,"Unsure what this comment is a reply to but seems to have a distrustful attitude to the topic in question, language is exxagerated stating disbelief and frustration to this term MPOX. ",19/02/2026,1,
96,96,reply,"@thestustustudio @ChicagoDNC24 @FBI They’re honestly haters, chant for hate-war-intifada, hate America, w major effort to impress terrorist jihadhi they’re not infidels. 😂

Sans masks, their parasitic facade holds a day job while being misogynistic racists. 

The jihadi infidel cult like MAGA hopes for Trump? https://t.co/fWkuFRKwkH",3,2,2,1,2,2,3,2,17,"Hateful, violent language used about “MAGA cult” claimin they are “jihadists”. No sources backing these claims. Definiitely has lack of trusts towards this group.",19/02/2026,1,
97,97,reply,"@NJ_Timothy Nick.

Why don't you just face facts?

May, Johnson and Sunak wilfully sent the Conservative Party up the swanny.

The UK is now firmly in the grip of the Deep State as a result.

@reformparty_uk know this, as do the majority of former Tory voters.",1,1,1,1,1,1,1,1,8,Not about US ,19/02/2026,1,
98,98,tweet,Opinion | Elon Musk and Donald Trump share the worst similarities https://t.co/dD6t0G3QvA via @msnbc,3,2,1,1,2,2,2,1,14,"No undemocratic or violent language, however. Some name-calling that implies opposition to bipartisanship and dstrust in candidates. Term ‘the worst similarities’ signifies  distrusts and hatred. Not claiming any political facts, more of a comment. ",19/02/2026,1,
99,99,reply,"@GuntherEagleman House GOP wasted two years and millions of taxpayer dollars producing a report that didn’t even recommend impeachment and you’re like “Yeah, please feed me some more bullshit”.",3,1,1,1,2,3,2,2,15,"Distrust to GOP, no sources states, clear mocking disdtrystful language.",19/02/2026,1,
100,100,reply,"@Lynnebf_2846 @RNC Fake poll, fake news.",1,1,1,1,1,3,1,2,11,"Distrust of news source, no sources. ",19/02/2026,1,
200,200,tweet,Donald Trump to be sentenced to prison in September: Fox News columnist https://t.co/uuqmFigWjD https://t.co/lF9XBbI08n,1,1,1,1,1,1,1,3,10,News article headline ,19/02/2026,1,
201,201,reply,@realKyleKeegan I have never heard one person make fun of Biden having a stutter. Seems something the left bring out to make excuses for his in ability to thread a coherent sentence off prompter and sometimes on prompter,2,1,1,1,2,2,2,1,12,Accusing leftists of blaming bidens stutter on his poor speech skills,19/02/2026,1,
202,202,reply,@Luther97777506 @HFI_Research Biden/Harris are though because they are turning a blind eye to all their oil sales. They care more about the oil price than Iran using that money to literally fund terrorism.,1,1,1,1,1,2,1,3,,,19/02/2026,1,
203,203,quote,"This is homophobic, racist, and Islamophobic.

The IOF kills queer Palestinians with bombs supplied by Biden, Harris, and Blinken.

You are trying to justify voting for a genocidal baby killer when you haven't even TRIED to make this administration stop.",3,1,1,1,1,3,3,2,15,,19/02/2026,1,
204,204,reply,"@JoeyMannarinoUS Raise your hand if you were forced to eat your poor furry, four-legged emergency food supply under the Biden/Harris campaign, and look forward to fornicating with your new one this November! 🖐️",3,1,1,1,2,1,1,3,13,"Saying they had to eat dog food under Biden admin , likely exageration",19/02/2026,1,
205,205,reply,@simonateba @KamalaHarris @realDonaldTrump She needs the least amount of direct exposure.  She'll stay in the basement like Biden... No questions asked.,3,1,1,1,2,2,1,1,,Making fun of Kamala,19/02/2026,1,
206,206,reply,"@iAnonPatriot @GuntherEagleman Yes, but will they certify it? They are already talking about( Sen. Raskin) not doing so. Just like Maduro in Venezuela they will lose magnificently but refuse to go. I really think they will impeach Biden and make Harris the incumbent and then cancel the election due to war.",3,1,1,1,2,3,1,2,14,accusing biden admin if not leaving if they lose election,19/02/2026,1,
207,207,tweet,"Common sense!

 slams Harris as 'naive' on Iran, blasts VP for not being tough on Hamas https://t.co/8H3oJ5OT7w #FoxNews",1,1,1,1,1,3,1,3,12,On Kamals policies on Iran and Hamas not being tough enough,19/02/2026,1,
208,208,tweet,Donald Trump and his elections staff rapidly adjusting to Kamala Harris' candidacy... https://t.co/mgyuLyA6gn,1,1,1,1,1,1,1,1,,"Unbiased language, just reporting",19/02/2026,1,
209,209,reply,"@harris_wins An American citizen must have duties, responsibilities, and benefits. 
As for me, who is half a world away from Washington DC, I have to do the opposite: rights, responsibilities, and then the duties of an American citizen. 
Current US President Joe Biden",1,1,1,1,1,2,1,1,9,Unclear what they mean ,19/02/2026,1,
210,210,tweet,at Kamala Harris rally in Las Vegas she said she would not tax tips.  Nice job copying donald trump.  @KamalaHarris,2,1,1,1,1,1,1,1,9,mocking kamala for copying trump campaign policy,19/02/2026,1,
211,211,reply,@acnewsitics Kamala gaffs more than Joe Biden even though she’s younger like you like them lol,,,,,,,,,,,19/02/2026,1,
212,212,quote,Phuk this Biden-Harris liberal ass agenda!!!!!,2,1,1,1,2,1,1,1,10,Critising biden-harris,19/02/2026,1,
213,213,reply,"@SitaRose27 @acnewsitics You bet we approve!  You approved of Biden and the man was a zombie. Still is now you put up the evil twins.  You better hope they lose, if not communism will be at your door!  They are elites do it won’t bother them, you better hope you are an elite too.",2,1,1,1,2,1,1,1,10,,19/02/2026,1,
214,214,reply,@CBSNews They don't need him. This is just for politics to say Biden administration negotiated a peace plan. They have already negotiated without him and he's going to steal the credit for Kamala Harris election.,2,1,1,1,2,2,1,2,,Facts based on wht?,19/02/2026,1,
215,215,reply,@KurtSchlichter 3 national polls in last 3days show Trump in lead. Fox poll with Harris +1 has her underperforming Clinton and Biden. Michigan and PA poll also have Trump up. Walz was the worst pick ever,2,1,1,1,1,1,1,1,9,Reporting on polls and some mocking language,19/02/2026,1,
216,216,reply,"@farzyness I haven’t seen this in any of their documentation. I recall Biden floating the idea awhile back, but I am not seeing it now. It’s a terrible idea, probably unconstitutional, and likely won’t come back to life.",1,1,1,1,1,1,1,1,8,"Contect is unclear, therefore can’t really say what is a terrible idea / unconstitutional but seems more opinio than emotional hatred",19/02/2026,1,
217,217,reply,"@1Swinging_Voter Note how it's all coming out about Biden's medical episode, but no one is asking how he's still in the job?",2,1,1,1,1,2,1,2,,Questioning why media isnt covering Biden health issues,19/02/2026,1,
218,218,reply,@NHAunleashed Not this time… we are barely making it through Biden,1,1,1,1,1,1,1,1,8,"Context unclear, doesn’t like Biden admin but no clear hatred or animosity  ",19/02/2026,1,
219,219,reply,"@hodgetwins A few weeks ago, Trump lead Biden.  Now Trump and Harris are tied in Aggregate polling.",1,1,1,1,1,1,1,1,8,"No emotionaly language, quite neutral reporting on the polls",19/02/2026,1,
220,220,quote,"In a BERNIE SANDERS poll, who is just as leftist and radical as Kamala Harris, Kommie-la can only manage to tie Donald Trump!

She is a terrible nominee, and she will lose!",3,1,1,1,1,1,1,1,10,Criritc on kamala campaign,19/02/2026,1,
221,221,tweet,"The Biden Administration is forcing U.S. military veterans to immediately pay back tens of thousands of dollars in disability and separation payments, in an attempt to recoup those losses, leaving thousands bankrupt.

Most of these affected veterans were given single, lump-sum",3,1,1,1,1,1,1,3,,"Criticing Biden on his veteran policies which, very v8",19/02/2026,1,
222,222,reply,"@TinaZimmermann4 Vance is playing Vance
Kamala is playing Kamala
Biden is playing Biden

If not
we have impersonating political elites
including that of POTUS
& that would be treason

But…no arrests
because there is no real proof of claims
so until something changes
all is at it appears",1,1,1,1,1,3,1,2,11,Doesn’t trust any of the political candidates and leaders,19/02/2026,1,
223,223,tweet,"This is the Biden/Harris result. Hiw can anyone with brain matter support 4 more years of this, and immigration debacle? Your VOTE IS DESTROYING OUR COUNTRY!!! Help us!!! https://t.co/AqKIc0r4AN",2,1,1,1,1,1,1,2,10,"not happy with Biden admin, and slightly insulting people who would vote for them again, but nothing too aggresive",19/02/2026,1,
224,224,reply,"@Roberts_Rules 😂😂😂The folks Trump calls “animals” tooting his horn They got those COVID checks, avoided eviction and getting school loans reduced/ removed but yeah the guy who left a $3 trillion debt that Biden/Harris worked to clear up … and then COVID! It’s the ignorance that sink us all",2,1,1,1,1,1,1,2,,Comment/questioning on trump supporter logic in their reasons for voting ,19/02/2026,1,
225,225,reply,@AnderTierrez @EndWokeness @AP Biden is on video literally admitting to withholding $$$ until the Ukrainian prosecutor ceased his investigation into Hunter's Burisma dealings. https://t.co/efGdQEBqrS,2,1,1,1,1,1,1,3,11,Skepticism about the Hunter Biden that favor the worldview of the rep party,19/02/2026,1,
226,226,reply,"@Bubblebathgirl Wow, now she’s trying to silence the Palestinian protesters eeekkkk . You would think that her and Biden has pissed them off enough",2,1,1,1,1,1,1,1,9,"conetxt unclear, but some animosity present ",19/02/2026,1,
227,227,reply,@Bubblebathgirl But nothing was said when Biden was orange,2,1,1,1,1,1,1,1,,Pointing out double standards of Bidens fake tan compared to trump,19/02/2026,1,
228,228,reply,"@ChrisDJackson Translation:  Biden is doing absolutely NOTHING as President of the US while his VP plays bingo with rappers and Hollywooders at cringe rallies ...
So Who Is Running The SHOW?",2,1,1,1,1,2,1,2,11,Commenting on Kamala’s star studded campaign and Biden efficacy in house - not happy,19/02/2026,1,
229,229,tweet,"Food for thought-If Joe Biden Saved the Economy, Why Do We Need Kamala Harris' Price Controls?",1,1,1,1,1,1,1,1,8,"Asking a question about Kamala’s policy, not emotional language more intrigue, can be perceived as rhetorical",19/02/2026,1,
230,230,tweet,This is due to the BIDEN KAMALA ADMINISTRATION  https://t.co/o3cExHrU5m,2,1,1,1,1,1,1,1,,"context unclear, but clearly angry at Biden admin",19/02/2026,1,
231,231,reply,@cbouzy Let it go FFS - we love Biden. It wasn’t personal. We needed a younger candidate. We have one and the country is exploding with enthusiasm and readiness for positive change.,1,1,1,1,1,1,1,1,8,"Commenting on relief of Kamala as candidate for dem, nothing to do with partisans animosity",19/02/2026,1,
232,232,tweet,"Japan was the key to the market slide  , Buffett saw the Jap slide coming , he had to sell , the FED amy have trouble moving the world market , push China down , Japan UP, Buffett not a day trader, Biden pump up--cash is king",1,1,1,1,1,1,1,1,8,"Japanese economic market, no partisan animosity really detected",19/02/2026,1,
233,233,reply,"@mattyglesias It's the people on the bottom who are doing the best in the Biden-Harris economy - no accident.

These are *real* wage increases, i.e. adjusted for inflation.

You know who ISN'T doing better? The very wealthy - there's a reason your news is filled with negative stories. https://t.co/FRe39yITGf",2,1,1,1,1,1,1,2,,Speculating that the wealthy are worse off after Biden admin thus why there is more coverage….,19/02/2026,1,
234,234,reply,@TomiLahren Biden and Harris are a complete train wreck🗑️🤡,3,1,1,1,1,1,1,1,10,Comment about stating dislike for Biden/Harris admin,19/02/2026,1,
235,235,reply,"@N76247476Man I've been saying it, I don't give a damn about the Dems, I care about what the GOP is doing. Almost 4 yrs later and a few months before an Election, they all agree to Impeach Biden now that he's finally silent. They want Nazi Harris in for a reason.",3,1,1,1,3,2,1,2,14,Emotioanl language used about disliking dems and the party,19/02/2026,1,
236,236,reply,@DustyAssKracka I have been asking the same question myself for the last 2 years when Biden said “Elect me and I’ll make sure the border is secured!”. MFer you are already in the White House. Fix it now!,2,1,1,1,1,1,1,1,,Unhappy with Biden policy ,19/02/2026,1,
237,237,reply,"@ryancharleston @Jason @GOP @KamalaHarris I see your opinions were sufficiently downloaded from the MSM.
Good job!",2,1,1,1,2,1,1,1,10,Doesntl like kamals ideas,19/02/2026,1,
238,238,reply,@KamalaHarris Why are you not doing it now!!!  You are in charge with the imbecile Biden.  We need to know you have the ability to do anything before the election.  You are just a f$$king liar.,2,1,1,1,1,1,1,1,9,Questioning why kamala is not infliciting the change she say she  will - uhappy but not really partisan related,19/02/2026,1,
239,239,reply,@fshakir Why doesn’t Biden do those things then? 🤓,2,1,1,1,1,1,1,1,,Questioning why biden is not carrying out the promises kamala says shell bring,19/02/2026,1,
240,240,reply,"@realDonaldTrump Do you realize Donald Trump got just as many votes in this years Democratic Primary as Kamala Harris did.
Strange, isn't it.",2,1,1,1,1,2,1,2,11,,19/02/2026,1,
241,241,reply,"@agamemnus_dev @KinglyMz @HAHAHAHAHHAMAD @OnMy3rdLife @KevinMcInerJR @airdropfien @0x7d54 @coinmamba The point is that Trump messed up, I don't know why you're so adamant on defending his actions towards COVID. Conversely, I'm sure you'd be quick to point out Biden or Kamala's screwups every time you get the chance.",2,1,1,1,2,1,1,1,10,Retaliating to trump supporter claims about Biden,19/02/2026,1,
242,242,reply,@its_The_Dr Because she supported Biden as most loyal people do and I don’t mean those in a cult,2,1,1,1,2,1,1,1,,,19/02/2026,1,
243,243,reply,"@wildstarryskies @ELuchesi1 @What46HasDone Harris/Walz is a good ending for this, but in the end you're losing 4 years more of Biden and that's bad because he IS the bridge between Then and Now. You won't have this opportunity much.

At least, however, you know who the backstabbers are and you can deal with them.",1,1,1,1,2,1,1,1,9,"conetxt and framingnot clear, but a missed opportunity ",19/02/2026,1,
244,244,tweet,"Biden's late-night swan song: Day 1 takeaways from the DNC
Salute president Biden, you gave your best and served the United States of America 🇺🇸. Well done 🫡",1,1,1,1,1,1,1,1,8,"Postive comment about biden presidency, not realy partisan related",19/02/2026,1,
245,245,reply,@DefiantLs You related to Joe Biden?,2,1,1,1,1,1,1,1,9,Probably a dig at a biden supporter,19/02/2026,1,
246,246,quote,"@tedlieu Happiness and Joy ….

Meet Kamala’s daughter, she fundraises for Hamas.",3,1,1,1,1,2,1,3,,Using ‘fact’ about Kamalas daughter as a negative against kamala,19/02/2026,1,
247,247,reply,"@MikeCarlton01 Really? A celebration of the warmongers Biden, Obama and Clinton.",3,1,1,1,1,1,1,1,10,Calling previosult dem presidents/candidates warmongers,19/02/2026,1,
248,248,quote,"Going from Biden-Harris to Harris-Walz in a matter of two weeks could be the seismic shift needed to win a Democratic trifecta in November. Tester might actually be able to hold on in Montana and, along with Gallego in Arizona, put us at 50 Senate seats (plus VP to break ties) 🙏",1,1,1,1,1,1,1,1,8,"comment on the Harris/walz shift, nothing aboiut other party",19/02/2026,1,
249,249,quote,"The betting markets are usually spot on at any point in time. When Trump was a heavy favorite vs. Biden, I pointed it out. Now, the tables have turned. 

I personally think a wager on Harris, up to -110, is a good bet. Even money would be better!",1,1,1,1,1,1,1,1,,Discussion on betting on the election ,19/02/2026,1,
250,250,reply,@In2ThinAir Not a word from anyone. Ladies and gentlemen welcome to Biden America and if they steal it again we are done. 🥺,2,1,1,1,1,2,1,1,10,"Worried abuout Biden admin winning -> “we’re done”, so some distrust in other party",19/02/2026,1,
251,251,reply,@TonyMontana5309 @bearsfanxx @gotrice2024 @harryjsisson Biden is pro-choice.  1973 was a long damn time ago.,2,1,1,1,1,1,1,1,9,,19/02/2026,1,
252,252,reply,"@DJParticle @Papapishu If Biden was working on a ceasefire, working against a ceasefire or had forgotten to work on a ceasefire, how would you know the difference; from your perch outside the White House?",2,1,1,1,1,1,1,1,,retaliation against user making some sort of claims about other party,19/02/2026,1,
253,253,reply,@ewlamy @vdogg11 @walls_tumbling @DanteAtkins She literally said it in her own words that she was shocked and surprised what Biden did and how quickly Harris get a coalition going. https://t.co/wCFqb8qvHD,1,1,1,1,1,1,1,1,8,No emotional or AAPA language,19/02/2026,1,
254,254,reply,"@TheLeoTerrell Who is the REAL president now? It ain't Creepy Joe Biden, that's for sure.",2,1,1,1,1,1,1,1,9,"Dislike for biden, calling him creepy",19/02/2026,1,
255,255,tweet,"I,M ALL FOR JUSTICE ON SOME OF THE LEADERS  OF MEN..WHO FLAUNT THEIR AUTHORITY,BUT I ALSO BELIEVE  IN MERCY,FOR THE WORST OUT HERE.WHERES  JOE BIDEN BEEN ,SINCE?? I THINK HES A BROKEN  MAN ,,AFTER 50 YRS IN OFFICES.BETRAYED BY HIS SPECIOUSLY NICE FRIENDS,AN YET HE STAYS IN ,SAD",1,1,1,1,1,2,1,1,,Maybe showing compassion to Joe bidens old age ?,19/02/2026,1,
256,256,tweet,"Russian Federation 🇷🇺. 
Operations in Kursk region. 
Wounded Nazi Ukrainian soldiers were captured by the Russian Armed Forces in Kursk Region.
The wounded& dead Nazi Ukrainian troops are victims of traitors Joe Biden, Kamala Harris, Fake western media news & Nato propaganda. https://t.co/EJFmhpGE5P",3,1,1,1,1,3,1,2,13,"Distrust of media and Biden admin in Ukraine, no stated sources",19/02/2026,1,
257,257,reply,"@LeadingReport Because they are a few billion in debt. Meanwhile, USA is $35 TRILLION  in debt and biden/harris keep sending the corrupt tyrant more of our money",2,1,1,1,2,2,1,2,12,"Not sure which ‘tyrant’ they are referring to, but angry at Biden/Harris handling of situation ",19/02/2026,1,
258,258,reply,@RonDeSantis Basically as ethical as Joe Biden,2,1,1,1,1,1,1,1,,"Dragging Biden, context unclear",19/02/2026,1,
259,259,tweet,Jill Biden honors husband Joe Biden at Democratic convention https://t.co/VvDhX1xZGC via @YouTube,1,1,1,1,1,1,1,1,8,Headline link to YouTube video about Jill Biden no AAPA,19/02/2026,1,
260,260,reply,@Sassafrass_84 Her and Biden could fix inflation right now but they chose to lock their promise behind a vote wall. She’s literally like EA. 😂,2,1,1,1,2,1,1,2,11,"Claiming that biden/Harris can fix inflation, no sources stated. Emotional language and all blaim on dems.",19/02/2026,1,
261,261,reply,@POTUS Why your name say “President Biden” didn’t you quit? 🤦🏾‍♂️🤣,2,1,1,1,1,1,1,1,,Joe biden hate,19/02/2026,1,
262,262,reply,"@davidarlington1 @sherryande @PercyTaggerts @robbystarbuck At Joe Biden 10/20 ,"" I have this strange notion, we're a Democracy....if you can't get the votes....you can't [legislate] by executive order unless your a dictator. We're a democracy. We need consensus."" He wrote more Exec Ord's than any  president history, 44 his 1st week.",2,1,1,1,1,1,1,2,10,Questing Joe Biden’s commitment to democracy,19/02/2026,1,
263,263,reply,"@chelsey0726 @NancyMace Biden showered with his daughter ! She feared him! Molester!!
Yet you said nothing. You are a fraud",3,1,1,1,1,1,1,3,12,Joe biden sexual misconduct allegations used ,19/02/2026,1,
264,264,tweet,Biden lied !,2,1,1,1,1,2,1,1,,accusing biden of lying - context unkown ,19/02/2026,1,
265,265,quote,"""All of this Biden/Harris stuff is physically, psychologically and emotionally manufactured pretense from the minds of people who are genuinely odd characters.""",2,1,1,1,1,2,1,1,10,question charcter so biden/Harris admin ,19/02/2026,1,
266,266,reply,@jakejakeny It's Joe Biden what is wrong with you?,2,1,1,1,1,1,1,1,9,Doesn’t trust any of the political candidates and leaders,19/02/2026,1,
267,267,quote,The award meant something aside from Obama and Biden's presidential terms.  I'm not mad at this.,1,1,1,1,1,1,1,1,,not sure whta ‘award’ is being mentioned. Neutral commentry.,19/02/2026,1,
268,268,reply,@DemocracyHere Each of the @HouseDemocrats who asked @Pres Biden to step aside after 50 free and fair elections should go too. Overturning elections is wrong not matter which party does it. #NeverKamala #DNCConvention My ballot did not say Biden or Harris for president. https://t.co/mvuvdSRzaO,2,1,1,1,1,1,1,1,9,,19/02/2026,1,
269,269,quote,"Border CZAR is changing her statement now..Now she's for closing the border, fracking, and Ukraine. Wack job lying ..She is changing all of her views. The media is trying to remove all her past views when she was with Biden!",2,1,1,1,1,2,1,2,11,questioning kamala policy changes,19/02/2026,1,
270,270,reply,@dom_lucre @PressSec needs to change her makeup. She blinks her eyes rapidly when she lies and it is painfully more obvious when she does.   And of course - did ANY reporter follow up with the “crackdown” of Biden/Harris against service workers? #2024Election @realDonaldTrump @KamalaHarris,1,1,1,1,1,1,1,2,,Questioning pressec truthfulness,19/02/2026,1,
271,271,reply,"@KyleSloter @derekjayl The man that can’t even beat Joe Biden in an election, no wonder they were furious 😂",2,1,1,1,1,1,1,1,9,"Probably about Trump not being able to beat biden, some AAPA undertones",19/02/2026,1,
272,272,reply,@cold_casey @RATM818 @BGrueskin Brb I’m gonna go watch Joe Biden’s college football highlights,1,1,1,1,1,1,1,1,8,No AAPA language used,19/02/2026,1,
273,273,quote,"Wait...you mean biden the child toucher?
They both pedos, folks",1,1,1,1,1,1,1,1,,claiming both presidents have sexual miscondunt allegations - truthfulness of statement is not confirmed,19/02/2026,1,
274,274,tweet,"Biden's criminal activity needs to be out there in the headlines. He has committed treason by selling access to his position. Ever wonder why he is so adamant about sending billions and billions to Zelensky? 
Check out the Congressional report:
https://t.co/ODx7xZiJo7",2,1,1,1,1,1,1,2,10,questioning Bidens actions towards Ukraine ,19/02/2026,1,
275,275,reply,"@hodgetwins @KanekoaTheGreat Agreed. CA, CO, HI, NV, OR, UT, VT, WA, DC send mail-in ballots to ALL voters and those states also allow ballot harvesting with minimal restrictions. Shockingly, they all voted for Biden in 2020.",3,1,1,1,1,3,1,1,12,"Questioning legitimac of mail in ballots, shedding light that states who accept them to be dem. AAPA language undertones ",19/02/2026,1,
276,276,reply,@joelpollak So silly to pretend Biden is not demented,3,1,1,1,1,1,1,1,10,"Questioning physical condition of Biden , no sources stated more of an erratic statement ",19/02/2026,1,
277,277,reply,"@ThePatriot420 @MarindaVannoy1 @POTUS When drug costs drop precipitously, it doesn't cost people/insurers more. It costs them LESS. Biden intends to continue to work to see those costs plummet and so does Harris. And if you ever end up with cancer and have huge bills, you will understand the need for this.",2,1,1,1,1,1,1,1,,"Backlash at trump supporters due to his ant healthcare policy, not mocking tone ",19/02/2026,1,
278,278,reply,"@NotGavin51 @MichaelCrush73 @PpollingNumbers Based on what data? He's never ignored FL..he's been to my hometown, Ocala..FL is HIS home..2020 he beat Biden 51.2%-47.9%. New poll shows Trump 50-Harris 47 today. 4 points then -3 now..don't get too excited yet..Spin..",2,1,1,1,1,1,1,1,9,Responding to untrue claimes with facts but clealy annoyed,19/02/2026,1,
279,279,tweet,"President Joe Biden's decision to campaign for Vice President Kamala Harris in Pennsylvania underscores the importance of this battleground state in the 2024 election.

#BidenHarris2024 #PennsylvaniaCampaign #Election2024

https://t.co/FGNi2viPsF",1,1,1,1,1,1,1,1,8,Article about Biden supporting Kamala in election race. No emotional or AAPA language ,19/02/2026,1,
280,280,quote,"Democrats demand body guards, weapons,walls, and police for themselves but not for you",3,1,1,1,1,2,1,1,,Commenting on democratic politicians double standards ,19/02/2026,1,
281,281,reply,"@DesireeAmerica4 This needs video needs to go viral on all platforms. The corrupt social media, and news media are putting a lot of false information.. they’re not allowing the truth . There’s still being bias for Biden, and Kamala not let accurate news to come out..",1,1,1,1,1,3,1,1,10,Lack of trust in social media platforms and disinformation,19/02/2026,1,
282,282,reply,"@DefiyantlyFree Kamala Harris is paying people to post good things about her in social media.

Kamala is a phony.

Hundreds of thousands of people post for Trump because they believe in Trump.

Trump is authentic.",3,1,1,1,1,2,1,3,13,"Conspiracy that Kamala pays people to post about her - and trump doesnt, no sources , just a random claim to support rep candidate",19/02/2026,1,
283,283,reply,"@NEWSMAX @CaraCastronuova According to biden- these folks ""Ain't Black"" LMFAO_ We can spot a disingenuous dingbat from a mile away- and that dingbat is kamallah.",3,1,1,1,2,1,1,1,,Name calling language of dem candidate and speculative language,19/02/2026,1,
284,284,reply,@seanhannity Fox News agrees!  Biden has healed America after Trump destroyed us! We had 25% inflation under Trump. We are down to 2.9%. #HarrisWaltz2024 https://t.co/tvkEdks1ue,2,1,1,1,2,1,1,3,12,Article is not quite what the tweet suggests,19/02/2026,1,
285,285,reply,"@MTGrepp I coup is to put him out of the presidency. Last I checked he still president he’s just not running for reelection. Yes they made their thoughts very well known but ultimately Biden made his decision. No fake electors No violence no arrest no deaths, you know like J6",1,1,1,1,1,1,1,1,8,,19/02/2026,1,
286,286,reply,"@jenreneeX Are u kidding me? Biden has Trans men showing off their tits at the WH,  trans/gay parades with dicks swinging in the breeze, but a fine looking woman's natural ass is the hill u wanna battle over? Fucktards.",3,1,1,1,1,1,1,1,,,19/02/2026,1,
287,287,reply,@Living3Dream @CWBOCA This is one area where I'll defend Trump. Biden won Miami Dade by 7 in 2020. Harris leading there slightly wouldn't be a surprise. You can't expect a presidential race to be uncompetitive like an incumbent governor.,1,1,1,1,1,1,1,1,8,Poltical critic but not quite AAPA,19/02/2026,1,
288,288,tweet,Watching the difference between Donald Trump and Kamala Harris...,2,1,1,1,1,1,1,1,9,"Context unclear, political leaning unclear but has AAPA undetone language",19/02/2026,1,
289,289,reply,@ProudElephantUS Lies - the only language of the fascist democratic party,3,1,1,1,1,1,1,1,,"Callin dem party facists, strong emotional lang",19/02/2026,1,
290,290,quote,"Thank you, President Biden !",1,1,1,1,1,1,1,1,8,Neutral comment,19/02/2026,1,
291,291,reply,"@krassenstein @MrIrrelevant459 I have seen 2
Obama and Biden",1,1,1,1,1,1,1,1,8,"context unclear, no AAPA language",19/02/2026,1,
292,292,reply,@AlvinIpswitch @Mary_J_Robbins @OgAmMenace @harris_wins What do you think should have happened after Biden dropped out?  A brokered convention?  Another primary?,1,1,1,1,1,1,1,1,8,Opening conversation as to what how new dem primary candidate should have been picked,19/02/2026,1,
293,293,tweet,"Reports: Biden Team Unhappy With How He Was Treated - and There's Talk of 'Revenge'
https://t.co/pXKl0yWQ9j",2,1,1,1,1,1,1,2,10,Article Headline with emotional targeted language ,19/02/2026,1,
294,294,reply,@KamalaHQLies Anyone who votes for Harris can never again lay claim to being a moderate or conservative….. you’re just another communist sympathizer like Hanoi Jane,3,1,1,1,1,2,1,1,,Claiming all Kamala supporter are communists - distrust in fellow citizens,19/02/2026,1,
295,295,tweet,"Joe Biden Committed Impeachment offenses, Defrauds US #biden #impeach #d... https://t.co/1DduiD1JlS via @YouTube",2,1,1,1,1,1,1,3,11,Article headline about Joe biden polcies using emotional speculative language,19/02/2026,1,
296,296,reply,"@JJohnsonLaw only seniors?

Biden-Harris made sure that insulin cost was capped only for seniors on Medicare?  The disabled on Medicare got no relief on their insulin cost?",1,1,1,1,1,1,1,1,8,Comment on biden harris policy but no AAPA emotioanl language used,19/02/2026,1,
297,297,reply,@VP Is this a fucking parody post? You and Biden have fuct us since day one!,3,1,1,1,1,1,1,1,,Anti dem language towards dem candidate,19/02/2026,1,
298,298,reply,@guypbenson Kamala Harris will be Biden 2.0 and Obama 3.0,1,1,1,1,1,1,1,1,8,"Comment in support of Kamala, no anti partisan language used",19/02/2026,1,
299,299,quote,".@nytimes Honestly… it was a black job before Biden. She doesn’t ”suggest it”, it’s fact. And the next Presidency is a #BlackJobs too. Awful title.",2,1,1,1,1,1,1,1,9,"Comment disagreeing with Kamala campaign, exxagerated language",19/02/2026,1,
300,300,quote,"You were cheerleading Gaza genocide and shamed every peace loving European. Netanyahu & Biden are child killers & history will also judge you as a supporter of genocide with 21,000 slaughtered in just 9 months. How do you vultures & vampires sleep at night?",1,1,1,1,1,3,2,2,,"emotional and exxaggerated language used , comment is more on US poltical leaders on the whole",,1,
401,401,reply,@CollinRugg @Johnny_Joey People won’t forget this.,1,1,1,1,1,1,1,1,8,neutral,20/02/2026,1,
402,402,reply,@2Jackie65747271 Have a wonderful birthday day JJ 🙏😄☀️☕️🇺🇸♥️,1,1,1,1,1,1,1,1,8,neutral,20/02/2026,1,
403,403,quote,Dementia in a damaged character looks like that…,3,1,1,1,1,1,1,2,11,Speculaing biden dementia,20/02/2026,1,
404,404,reply,@KariLake I am so enjoying this fireside chat! https://t.co/L1wYdTZF5L,1,1,1,1,1,1,1,1,8,neutral,20/02/2026,1,
405,405,reply,"@KimberlyKenney4 @CPAC if you would like to be more on point you should have said it started with taxation way back when, that is when all the very rich lost a lot of their money through property taxes and lost their mansions, could not pay the help, lot of good jobs lost with that also. theft/greed",,,,,,,,,0,,20/02/2026,1,
406,406,reply,@catturd2 American citizens are not first under this administration and we’ve all known it for a long time,,,,,,,,,0,,20/02/2026,1,
407,407,reply,@libbage55 @johncusack So glad 🙂,1,1,1,1,1,1,1,1,8,neutral,20/02/2026,1,
408,408,reply,@lsferguson @debbiros716 @GOP Democrats run the house and the senate and the governor. I think it’s the first time in 20 or 40 years and this is what you get.,2,1,1,1,2,1,1,1,10,"contect unclear as to what ‘this is what you get’ means, but clearly unhappy with state of affaits for GOP",20/02/2026,1,
409,409,reply,"@DvdndDiplomats I looked at it and decided to pass. Wish you had discussed their debt. Their level of debt is what has kept me out of them. Otherwise there is much to like.

Is it just me or were you missing the normal data sheets that you flash up during the video? I really like those.",1,1,1,1,1,1,1,1,8,neutral,20/02/2026,1,
410,410,quote,I can’t really boycott them since I never went there in the first place. I can assure everybody that I’ll never go there.,1,1,1,1,1,1,1,1,8,Contect is unclear about who they are boycotting,20/02/2026,1,
411,411,reply,"@SamJuneau @WallStreetApes @GOP @HouseGOP @SenateGOP @SpeakerJohnson I know! What are they doing? It would appear they're on a campaign to create maximum anxiety then wait for another ""disaster"" real or manufactured to convince us that we're not safe and the only ones who can
protect us from the situation they created are other democrats? They",2,1,1,1,3,1,1,1,11,Agreeining about not buying into dem policy claims ,20/02/2026,1,
412,412,reply,@DonaldJTNewsX You should fit right in.,2,1,1,1,1,1,1,1,9,Seems like snarky remark towards someone of opposite party bu again context unclear,20/02/2026,1,
413,413,tweet,The UK is letting rapists out of jail to make room for Christians who pray silently.,1,1,1,1,1,1,1,1,8,not in context of US,20/02/2026,1,
414,414,reply,@USABorn55 We see you,1,1,1,1,1,1,1,1,8,"no context, language is neutral",20/02/2026,1,
415,415,reply,"@pak_madness @mehdirhasan At the very least, Biden’s pretending like he gives a shit about Palestinians and a peaceful solution. Maybe he actually does. Trump won’t even bother to pretend. Point being: if you think Biden’s bad for Palestine…Trump’ll be worse.",3,1,1,1,2,2,1,2,13,Praising Biden stance on palestine compared to trump ,20/02/2026,1,
416,416,reply,@KantInEast How many Olympic medals have you got?,1,1,1,1,1,1,1,1,8,"Whether this relates to election is unclear, mocking language but other than that neutral to this context",20/02/2026,1,
417,417,quote,"Safe and effective coming for the 2024 elections.

https://t.co/ijyMRgaG8s",1,1,1,1,1,1,1,3,10,"Video about global viromen project, skepticism about this project from rep politician, but actual tweet is quite neutral but sharing content of perhaps a biased eval of a politicised fact to help rep candidates",20/02/2026,1,
418,418,reply,@elonmusk Literally last month everyone was saying he was too old to run and now that Trump is losing to Kamala magats want Biden back. Oh the hypocrisy of @elonmusk and the magats,3,1,1,1,2,1,2,1,12,Calling maga supporters ‘MAGAts’,20/02/2026,1,
419,419,reply,@EdKrassen They’ve done such an amazing job wasting our tax dollars and brainwashing our children. Shut it down!!,3,1,1,1,1,3,1,1,12,"Likey about Biden admin, quite critical commentry ",20/02/2026,1,
420,420,reply,"@KamalaHQ @realDonaldTrump Nope, Trump is not. YOU ARE A LYING WHO'RE!  A FUCKING LIAR! You and Walz are filthy fucking traitors. You are a who're, Walz is a pimp! https://t.co/OUAQULyglJ",3,1,1,1,3,1,1,1,12,Extreme name calling of dem candidates,20/02/2026,1,
421,421,reply,"@wolfclass @RBReich @BillAckman Wrong Leftart, looks like we’re headed for another depression because of Biden.  Trump had companies pay for their innovation. You leftarts will never learn.  Obama’s Solyndra is repeating. https://t.co/zQS4EmkaAS",3,1,1,1,2,1,1,2,12,Claimin to be heading into a depression because of Biden and using sland ‘leftard’ ,20/02/2026,1,
422,422,reply,@JMMalyon @MJMcKean That was my guess,1,1,1,1,1,1,1,1,8,neutral,20/02/2026,1,
423,423,reply,@JoyceWhiteVance What did he do exactly?  Did you watch the entire clip or cherry pick shit again trying to make something out of nothing? It’s same game plan time after time and is so predictable! It’s the only thing you can do cause you have zero policies to stand on that will help America be,3,1,1,1,2,1,1,1,11,retaliation against user from other party,20/02/2026,1,
424,424,reply,@DefiantBaptist He never should have been in the race.  2028 was his time,1,1,1,1,1,1,1,1,8,unclear who they are talking about,20/02/2026,1,
425,425,reply,"@Manhattva What % of voters who voted for Biden in 2020 were voting “for” Biden as opposed to voting against Trump? That same segment of the population now has a more viable anti-Trump candidate. 100% manufactured yes, by the R’s and Trump.",2,1,1,1,1,1,1,1,9,Speculatiion of dem voters,20/02/2026,1,
426,426,tweet,"8/10/2020

•Trump pulled from Briefing Room because of shooting outside of White House 

•Big 10 Football expected to cancel season

•More outdoor gatherings raise concerns as coronavirus surges past 5 million cases

•Biden narrows down VP pick; and more.",1,1,1,1,1,1,1,1,8,List of events that happened on 8/10/2020,20/02/2026,1,
427,427,tweet,WHY MUSK AND TRUMP HAVE KAMALA AND THE LEFT IN A PANIC https://t.co/d59L84YxDQ,1,1,1,1,1,1,1,1,8,Right wing article headline: no animosity detected in headline,20/02/2026,1,
428,428,reply,"@atensnut Trump could NEVA! 🤣🤣🤣 Biden is a lawyer, Trump is a dumb entertainer being used by white Christian Nationalist. He's a thin skin old man who can't even handle women reporters without attacking them. 🤣🤣🤣 #HannibalLector #Project2025 
#VoteBlueAsifYourLivesDependonit",3,1,1,1,2,1,1,1,11,Emotional insulting language aimed at rep candidate trump,20/02/2026,1,
429,429,reply,"@CaptainMorganTN @shaunmm2k @KeneAkers Incorrect, only half the address was there. There was another man same name, who was registered democrat. So unlikely as your guy was a republican.  Nice try though. We all know it was all fake anyway. Your guy was trying to rouse up his base. The rest of the world doesn’t care",2,1,1,1,1,1,1,1,9,Claim debunking comment with name calling undertones,20/02/2026,1,
430,430,reply,@11202011t Lost on the White House grounds again.,1,1,1,1,1,1,1,1,8,context unclear,20/02/2026,1,
431,431,quote,"Isn't he still the president though? 🤔  wtf is this gaslighting, why is Canadian media simping so hard for this.",1,1,1,1,1,1,1,1,8,"Animosity not detected, more frustration towards media",20/02/2026,1,
432,432,reply,"@TheLastRefuge2 They are also trying to engineer a window for actions in December, including Biden pardons/commutations, a Trump trial, and so. It’s about the Overton Window for nullification all over again.",2,1,1,1,1,2,1,1,10,questioning oppositions intentions,20/02/2026,1,
433,433,reply,@JasonMillerinDC When is his sentencing?,1,1,1,1,1,1,1,1,8,question: no AAPA,20/02/2026,1,
434,434,reply,"@EdKrassen When was the last time Kamala did a live press, conference or interview without notes, speaking off the cuff????
#Trump2024  🇺🇸🇺🇸🇺🇸",2,,,,,,,,2,,20/02/2026,1,
435,435,tweet,"#Conservative #Liberal

Check out VeronicaBoscarino23🦁❤️'s video! #TikTok https://t.co/7B4c0QlkXI",1,1,1,1,1,1,1,1,8,Clickbait to irreleveant tiktok ,20/02/2026,1,
436,436,reply,@TAINA2121 @realDonaldTrump Biden said she is the boarder czar,,,,,,,,,0,,20/02/2026,1,
437,437,quote,I never vote for any candidate who wants to spend more money than we bring in “a balanced budget” but they are nearly impossible to find,,,,,,,,,0,,20/02/2026,1,
438,438,reply,"@ChiTownSam723 Omg 😭why you mirroring my life?
trying desperately to get old guy back on kibble bc of constant needing to go out in middle of 🌃 
😭2 days he hasn't eaten, 2 days ago I shared raw long bns (green beans) with him while we were outside & now 😂 he stalks me when picking 💚 beans https://t.co/3OS8x1PlFU",1,1,1,1,1,1,1,1,8,irrelevent to this context,20/02/2026,1,
439,439,reply,@Discernability I want one... I don't have access to grok yet,1,1,1,1,1,1,1,1,8,irrelevent to this context,20/02/2026,1,
440,440,tweet,"Connecticut is too far gone. Whether @MattCoreyCT or @gerryforsenate wins today's ultra low turnout primary, Chris Murphy will win in November because Nutmeg State voters epically suck. #CTPolitics",3,1,1,1,2,2,1,1,12,,20/02/2026,1,
441,441,reply,@iProudChristian ALL THE TIME,1,1,1,1,1,1,1,1,8,context unclear,20/02/2026,1,
442,442,tweet,"Biden has one bad debate after 2 back to back trips
to other countries on very serious business. He gets
persecuted.  Trump lies every time he speaks, he gets
positive coverage.  DO WE STILL HAVE A FREE
PRESS OR NOT............",2,1,1,1,1,3,1,1,11,questioning press coverage of poltical candidate debates,20/02/2026,1,
443,443,reply,"@KyoutarosDad ohhh
ok I see now

isn't that just male pattern baldness",1,1,1,1,1,1,1,1,8,"Probably a response to a dig at candidates hairline, irrelevent",20/02/2026,1,
444,444,quote,"@krassenstein  you can’t be that stupid.   You know that the demo rat staged Trump trials was all to keep him from running for president.  He is innocent.   I was found guilty on crimes committed by brain dead Biden, crackhead hunter biden, Piglosi, Obummer and Killary Clinton.",3,1,1,1,2,1,1,2,12,making a comment about somesort of poltical fact I emotional manner with foul language ,20/02/2026,1,
445,445,reply,"@kenoshaborn1946 @DougJBalloon NY Times parody account of the NYT, which has a habit of turning bad things Trump/GOP has done into reasons why it’s bad for Biden/Harris (iow to blame them).",,,,,,,,,0,,20/02/2026,1,
446,446,reply,@mjfree Harrison Butker explained the MAGA position on this https://t.co/nCA1fgzRb0,1,1,1,1,1,1,1,1,8,Headline link,20/02/2026,1,
447,447,quote,👀The UK has gone full KGB. 🕵️‍♂️,1,1,1,1,1,1,1,1,8,"Irrelevent to this context, UK related ",20/02/2026,1,
448,448,reply,@bruce_steiner No. Trump didn't rape anyone. Now Biden showered with his daughter. Ask Tara Reide how he sexually assaulted her. Back then..she didn't wait to lie for 35 years until he ran for President.,3,1,1,1,1,3,1,3,14,"on poltical candidate scandals to paint them in negative light, to sources ",20/02/2026,1,
449,449,reply,"@Wakinyanmani @Tim_Walz Trump had HUGE advantage of inheriting a booming economy from Obama. Biden inherited a trashed economy from Trump due to his  mismanaging, downplaying, politicizing Covid for his political gain. Anti mask/vaxx  R's disproportionately killed off their own voters!! @Wakinyanmani",3,1,1,1,1,1,1,3,12,No sources to back claims,20/02/2026,1,
450,450,reply,@thevivafrei @catturd2 Here’s the problem.  The maga cultists just like the deranged far left democrats do exist.  They are both amplified so everyone gets stuck fighting the most opposing views possible.,1,1,1,1,1,3,1,1,10,"Criticism towards both parties, general social distrust",20/02/2026,1,
451,451,reply,"@elonmusk @alexandre Wow.  That is such a shame Elon.  You try to provide world citizens with freedom of speech, and this is how some governments treat you??? 

An utter disgrace is right.",2,1,1,1,1,1,1,1,9,Support towards Elon for how govt. Attitudes towards him (Elon musk is rep. advocate),20/02/2026,1,
452,452,tweet,So many Patriots have been persecuted. My dear friend Jamie Renda is one of them. I made this to support her DELICIOUS sauces and seasoning! Support Patriot owned businesses! https://t.co/udGqZ8Urtc,2,1,1,1,1,1,1,1,9,"Partisan animosity towards about treatment of opposition towars patriots?, but mainly just supporting friends business",20/02/2026,1,
453,453,reply,@FQACC Engineering school puts locker room on wrong side of stadium =best entrance ever https://t.co/IYRLR1WfYp,1,1,1,1,1,1,1,1,8,irrelevent to this context,20/02/2026,1,
454,454,reply,@historigins Winger https://t.co/9MT3VvULrB,1,1,1,1,1,1,1,1,8,irrelevent to this context,20/02/2026,1,
455,455,tweet,"JUST IN: Governor Ron DeSantis is holding a press conference with Inter Miami CF later today at Chase Stadium in Ft. Lauderdale.

David Beckham, Jorge Mas, and Jose Mas will be there.",1,1,1,1,1,1,1,1,8,news headline,20/02/2026,1,
456,456,tweet,"Dear MAGA’s,

This election is in the bag for Harris.  #DiaperDon will cry and whine about how it was “stolen”, but let's call a spade for what it is.

He will tell you to be violent and commit crimes to “fight for (him)”.

Is this scumbag worth the legal expenses and jail?",3,1,1,1,2,1,1,1,11,Dem user snarky message towards maga voters,20/02/2026,1,
457,457,tweet,"Ashley Biden is introducing her Dad tonight. 

Watch for the MAGA meltdown of hatred.  

#DNCConvention2024",2,1,1,1,1,1,1,1,9,Partisan animosity - “MAGA meltdown of hatred”,20/02/2026,1,
458,458,reply,@himbopresident The biggest difference between the Democrats and the Republicans is that despite Biden being Israel’s #1 fan the grassroots pressure has pushed them to being a more pro-Palestine party while like 15 millionaires and media personalities have made the GOP pro-Russia.,1,1,1,1,1,2,1,2,10,Unsure what poltical leaning this comment has but making a statement without sources about both parties,20/02/2026,1,
459,459,reply,@frozenaesthetic Why are they like this 🥴 https://t.co/S3PdPtobnu,1,1,1,1,1,1,1,1,8,no context,20/02/2026,1,
460,460,reply,"@ShabanaMahmood @guardian So why won't the courts see the case of the Southport Murderer until next year, if it can act so swiftly?

Why is there a huge backlog of rapist cases if it can act so swiftly?

Why are you broadcasting them, which is not how our courts operate?

All stinks of politicalisation.",3,1,1,1,1,3,1,1,12,Question press coverage and politicalisation on trial ‘rapist’ trial procedure,20/02/2026,1,
461,461,reply,@ForgiatoBlow47 Thanks for posting my song bro !!!!,1,1,1,1,1,1,1,1,8,irrelevent to this context,20/02/2026,1,
462,462,reply,"@realJoelFischer I'm guessing that in 2001, she wasn't residing anywhere near New York. She is also isn't an opportunist who will use anything and everything to their advantage for personal gain.",2,1,1,1,1,2,1,1,10,"The tweet contains a negative characterisation (“opportunist… for personal gain”), which functions as disparaging language.",20/02/2026,1,
463,463,quote,"This man thinks he can control Elon Musk. He can’t. Some people are just too big for their britches. Thierry Breton is a THUG. 

If you don’t want to hear about what’s happening in America, don’t listen. America is a Free Country. Elon is a Free American Citizen. The EU",3,2,2,1,1,1,2,2,14,The tweet contains a negative characterisation (“THUG”). Not very related to American bipartisan relations. Refers to contreversial political comment. Exclusioanry language towards EU.,20/02/2026,1,
464,464,quote,"Hey, Shanghai Slotkin — why don’t you tell Michiganders about your secret deal involving the CCP? Or why you support the EV Mandates that would kill the Michigan economy?",1,1,1,1,1,3,1,2,11,,20/02/2026,1,
465,465,quote,Either Biden is actively campaigning for Trump now or the @TheBabylonBee just hacked his account 😂.,2,1,1,1,1,2,1,1,10,Exxagerated language about Bidens social media campaign,20/02/2026,1,
466,466,reply,@JDVance Reminder that he set up a statewide covid snitch line for informing on neighbors and family,3,1,1,1,2,2,2,2,14,"Hateful language to vance initiative , using this poltical initiave as a point of conflict ",20/02/2026,1,
467,467,tweet,"🚨 #NEWS: The Case of an Illegal Alien Gang Member Who Assaulted a Border Patrol Agent  

Diego Ibarra was released into the United States in 2023 despite his apparent gang membership and assault of a Border Patrol agent.

After assaulting a Border Patrol agent, Diego's file https://t.co/WXcqy1EeTX",2,2,2,1,2,3,3,3,18,"Immigration enforcement is a highly politicised issue, and the tweet presents selective, emotively framed details (“Illegal Alien Gang Member,”) that reinforce a particular political narrative.",20/02/2026,1,
468,468,quote,"Why are you following me, TDS patients not allowed here.",3,2,2,1,3,1,3,1,16,"“TDS” refers to Trump Derrangement Syndrome. Tweets indicate lack of amicability between opposition, using name calling language and expresses dislike for those that follow him. ",20/02/2026,1,
469,469,reply,"@tltown2019 @la_smartine You could have kept yours to yourself? But didn’t, so therefore you want conversation from multiple points of view. Accept criticism",2,1,1,1,1,1,1,1,9,Person is using a harsh tone but not particular name calling hateful language. ,20/02/2026,1,
470,470,quote,Most America Jews vote Democrat and hate Bibi whose base is actually the GOP and white Christian evangelicals.,2,1,1,1,2,1,2,2,12,Emphais on religious division ruses generalising terms. Broad statements about voting patterns. ,20/02/2026,1,
471,471,tweet,"""Nationalism is GOOD."" https://t.co/RaXDnMmOLb",1,1,1,1,2,1,1,1,9,"Nothing directly aimed at opposing partisan, Emphasis on GOOD could indicated some oppostion to otehr partisans who have less natioanlistic views. ",20/02/2026,1,
472,472,reply,@DefiantLs Her god is Moloch. She's sacrificing her unborn babies to him.,3,2,2,1,3,3,3,2,19,"Rhetoric relates to a highly politicised issue on abortion and uses extreme emotional framing. The dehumanizing and demonizing language increases hatred and distance, contributing strongly to social division.",20/02/2026,1,
473,473,reply,@HeatherThomasAF Our job on November 5th is to stop Project 2025. https://t.co/t1i10BgTYI,1,1,1,1,3,1,1,2,11,"Refers to a controversial political initiative (“Project 2025”) and frames it negatively (“stop”), reflecting a politicized stance, though without exaggeration",20/02/2026,1,
474,474,quote,"The same thing happened in Christian Bethlehem which is located just over the hill from Jewish Tekoa where I live.  Bethlehem, the birthplace of King David and the home of his great grandmother Ruth, is now 90% Moslem.",1,1,1,1,1,2,2,2,11,"implicitly signal distrust or concern about a religious group, though it is stated descriptively, statement references a politically sensitive demographic issue in a way that may imply a particular narrative or concern. However without explicit hostility or exaggeration. Also, he emphasis on religious change and contrast between communities may increase perceived social distance.",20/02/2026,1,
475,475,reply,"@yashar @donie 1. She is not Biden
2. She’s been signaling she will pivot from Biden’s policies when no longer in his admin 
3. There’s ongoing negotiations she can’t interfere with
3. Trump wants to deport “Hamas protestors”
4. Trump will let Israel annex Gaza/WB and Kushner develop the coast",1,1,1,1,3,1,1,3,12,"The tweet presents politicized claims about Trump’s intentions (deportations, annexation) on controversial geopolitical issues. Even without strong emotional language, it reflects a partisan framing of contested political matters.",20/02/2026,1,
476,476,tweet,Tim Walz was a No on TARP and on trade promotion authority for TPP 🚩 🚩 🚩,2,1,1,1,3,3,2,1,14,Red flag indicated opposition to opposite candiate,20/02/2026,1,
477,477,tweet,REPORT: The State Of Texas Continues To Build Donald Trump's Border Wall In Val Verde County At The Expense Of Texas Taxpayers & In Opposition To The Biden/Harris Regime Who Keep Trying To Stop Operation Lone Star. https://t.co/SVsnSB42Nc,1,1,1,1,3,2,1,2,12,"Headline reporting on Texas wall building, indicates some biased language",20/02/2026,1,
478,478,tweet,Congratulations to Jenna Ellis for being cast as the Joker in the new Batman movie! https://t.co/AA9kR3Rq6Y,3,2,2,1,2,1,1,1,13,Name calling ,20/02/2026,1,
479,479,reply,@Rainmaker1973 Twerking 2028. https://t.co/l8DOZHsojW,1,1,1,1,1,1,1,1,8,Harmless coment ,20/02/2026,1,
480,480,tweet,"Biden raided homes of @HandsOffUhuru, they face 15 yrs in prison.

Biden raided the home of @RealScottRitter 

Biden gave J6ers insane sentences.

Biden is backing Israeli genocide in Gaza.

Biden has spent billions to prolong Ukraine war.

Trump is fascist? STFU.",3,1,1,1,3,1,3,2,15,Commenting on discontempt with bidens policies. “STFU” indicates opposition to bipartisanship. Also no sources states. ,20/02/2026,1,
481,481,quote,"@JSweetLI Hey hack - Why are you blocking people for calling you out over dishonestly editing this clip? 

https://t.co/MhKvp0Q2fp",3,2,1,1,2,2,2,1,14,STFU,20/02/2026,1,
482,482,quote,"Happy Birthday, @USCG!",1,1,1,1,1,1,1,1,8,Neutral comment,20/02/2026,1,
483,483,tweet,"Now he (Biden) might not even have an IQ at all.

- Trump 

LOL",3,2,2,1,2,2,2,1,15,Quoting trumps comment about biden having no IQ. Mocking language. ,20/02/2026,1,
484,484,tweet,"School vouchers, signed into law last year by Florida Governor Ron DeSantis, is attributed to the surge in Catholic school enrollment in Miami. 
https://t.co/hlWtyf17Ot",1,1,1,1,1,1,1,1,8,No AAPA language. Source linked. Positive parttisan feelings to gov Ron de Santis. ,20/02/2026,1,
485,485,tweet,"I think this👇🏻sums it up pretty well. America has been subjected to Donald Trump’s bullying, lying, name calling & threats to our democracy & freedoms for over 8 years. Enough is enough!

Vote for @KamalaHarris & @Tim_Walz. 

#KamalaBringsUsJoy #WeAreNotGoingBack @KamalaHQ https://t.co/7R0iuLKHPi",3,1,1,1,3,3,2,1,15,Partisan animosity and distrust towards Rep opposition.,20/02/2026,1,
486,486,tweet,"WALZ: Violent rioters who burn down buildings and ransack businesses are just ""rightfully angry at a system that does not serve them"" https://t.co/YjcHaLyToJ",1,2,2,1,2,1,1,2,12,claimin burning buildings is because people are rightfull agree. Quiote context unclear. Criticing the system,20/02/2026,1,
487,487,reply,@MikeNellis @Authentic_HQ Turn over your documents,2,1,1,1,1,2,1,1,10,Asking someone to turn over their documents. Speculative statement. ,20/02/2026,1,
488,488,reply,"@C__Herridge Our government has gone rogue. They are violating the Federal law knowingly to allow illegal aliens to cross the border undetected. 

At the same time the Federal Government by Executive Order has been charged with registering voters, including illegal aliens, in order to sway",3,1,2,1,3,3,3,3,19,"Term ‘illegal aliens’ used, derrogatory. Language siggest user is distrustful of dem party.",20/02/2026,1,
489,489,tweet,"trump just said the real threat is ""nuclear warming,"" right before accusing President Biden of saying stupid things. 🙄

WTF is nuclear warming?",3,1,1,1,3,1,1,2,13,,20/02/2026,1,
490,490,tweet,"292 page report from House GOP state biden & his family received $27 MILLION from foreign individuals & entities, and this is an ‘impeachable offense.’ 

What took so long? And what is going to be done about it? https://t.co/6pPr63DU4m",3,1,1,1,3,2,2,2,15,,20/02/2026,1,
491,491,reply,"@DaveAtherton20 @X @WayneGb88 An ominous, telling and in many ways frighting  sentence https://t.co/VgUeO9VI3q",1,1,1,1,2,3,3,3,15,Tweet links to a photo indicating double standard between jail sentencing for jewish aimed racial slur compared to muslim aimed. No factual claim. ,20/02/2026,1,
492,492,tweet,Destiny BLAST Conservative asking for a source @TheOmniLiberal https://t.co/XazXFIAnU3,2,1,1,1,1,1,1,1,9,Uses “Conservative” in a mocking context,20/02/2026,1,
493,493,reply,@DefiyantlyFree Remind you of Biden run? - they plan to cheat - so better not give Trump anything to hang her with. She has the oratory skills of a 5 year old.,3,2,2,1,2,2,2,1,15,"Violent language used towards dem candidate, clear prejudice and dislike to other partisan group ",20/02/2026,1,
494,494,tweet,The real winner of the Olympic medal count? Florida governor Ron DeSantis.,1,1,1,1,1,1,1,2,9,"No AAPA language, clear postive partisn conatations but fake political fact.",20/02/2026,1,
495,495,tweet,"BREAKING

Trump says Biden has a stupid face",3,2,2,1,2,2,2,1,15,Insulting name callinf language towards Biden. Indicating opposition to Bipartisanship and distrust. ,20/02/2026,1,
496,496,tweet,"Wow, said Biden had low IQ 30 years ago and now has no IQ.  

Trump is like an evil lounge singer at the end of the night.  His tip jar is pretty empty.  He has been drinking.  People have heckled him and the lights are coming up.  He's angry, drunk and crazed.",3,2,2,1,2,2,2,1,15,"Distrusts both candidates, name calling and mocking language used towards both. ",20/02/2026,1,
497,497,tweet,"🚨 TRUMP: “Biden is stupid, he’s so stupid, he has a big stupid head, with a big stupid face, HES SOOOO STUUUPPIIIDDDD.” 😂 😂 😂 this man is amazing.",3,2,2,1,2,2,2,1,15,"Agreement with hateful, mocking, name-calling language.",20/02/2026,1,
498,498,quote,"Pelosi, Obama, members of Congress, prominent Never Trump Rs, many pundits (Ezra Klein, etc), the Pod Save bros, etc. wanted an “open process” after Biden dropped out because they didn’t have faith in her

She has *way* more game than anyone, including me, thought she would have",1,1,1,1,1,2,1,2,10,Comment on Kamala being the democratic primary. Postive partisan emotions however stating politicised facts without sources.,20/02/2026,1,
499,499,tweet,"On July 22, 2024 … someone at Wikipedia deleted all 47 references to Jeffrey Epstein from Bill Clinton’s Wikipedia page.

Side note - This happened the day after Biden left the Presidential race.

Are they preparing for a Trump 2024 win?

 https://t.co/R5rIs6C47i",2,1,1,1,1,3,2,2,13,Speculative distrystful comment alluding to unclaimed poltical fact. No name calling or exxagerated language ,20/02/2026,1,
500,500,reply,@politico @dieworkwear Every single time with this guy. Lol. https://t.co/o20mZSG9ma,2,1,1,1,1,1,1,1,9,General mocking tone. No name-calling or explicit distrustful terminology. ,20/02/2026,1,